id,name,slug,category,price,badge,rating,reviews,stock,brand,gtin,mpn,features,description,specs,image,images,link,availability,condition
3,AEG 47056VS-WN Cocina vitrocerámica con horno multifunción,aeg-47056vs-wn-cocina-vitroceramica-con-horno-multifuncion,four-plaque,417.2,bestseller,5,20,10,AEG,7332543657339,47056VS-WN,"Horno multifunción de gran capacidad (74 L) con sistema Hot Air para calor homogéneo | Placa vitrocerámica de 4 zonas, con zona multi-recipientes para distintos tamaños de utensilios | Mandos giratorios retráctiles para una limpieza más sencilla | Visor de temporizador UniSight con información clara del estado de cocción | Puerta con fácil limpieza y función de descongelación integrada | Clase de eficiencia energética A | Acabado en acero inoxidable, resistente y fácil de mantener | Función de horno con aire pulsado para cocción uniforme en varios niveles","La cocina AEG 47056VS-WN combina una placa vitrocerámica de 4 zonas con un horno multifunción de aire caliente de gran capacidad (74 L). El sistema Hot Air garantiza una circulación uniforme del aire caliente en toda la cavidad del horno, logrando resultados homogéneos en cada nivel. La zona de cocción múltiple de la placa está pensada para adaptarse a distintos tamaños de sartenes y ollas especiales, permitiendo resultados profesionales. Los mandos giratorios son retráctiles, quedando completamente integrados en la superficie para facilitar la limpieza. Además, incorpora el visor de temporizador UniSight, que ofrece de un vistazo información completa sobre el estado de cocción de los platos. Fabricada en acero inoxidable, esta cocina de clase energética A es una opción robusta y funcional para cocinas familiares.","{""Color"":""Blanco"",""Marca"":""AEG"",""Fusible"":""3 x 16 A"",""Material"":""Acero inoxidable"",""Peso neto"":""51 kg"",""Tipo de placa"":""Vitrocerámica, 4 zonas"",""Potencia zona 1"":""1200 W"",""Potencia zona 2"":""1200 W"",""Potencia zona 3"":""2200 W"",""Potencia zona 4"":""2400 W"",""Reloj integrado"":""Sí"",""Tipo de producto"":""Cocina independiente (horno + placa)"",""Capacidad del horno"":""74 L (bruta e interior)"",""Modelo / referencia"":""47056VS-WN"",""Tensión de entrada"":""230 V"",""Iluminación interior"":""Sí"",""Dimensiones (Al x An x Pr)"":""850 x 596 x 600 mm"",""Consumo convección natural"":""0,95 kWh"",""Rango de temperatura del horno"":""50 °C - 275 °C"",""Clase de eficiencia energética"":""A"",""Consumo aire caliente/convección forzada"":""0,82 kWh""}",https://www.electro-domesticos.com/api/img/1789263994024-549391.jpg,"[""https://www.electro-domesticos.com/api/img/1789263994024-549391.jpg"",""https://www.electro-domesticos.com/api/img/1789263994370-625165.jpg"",""https://www.electro-domesticos.com/api/img/1789263994661-66750.jpg"",""https://www.electro-domesticos.com/api/img/1789263994923-671840.jpg"",""https://www.electro-domesticos.com/api/img/1789263995202-680285.jpg"",""https://www.electro-domesticos.com/api/img/1789263995395-244963.jpg"",""https://www.electro-domesticos.com/api/img/1789263995718-895913.jpg"",""https://www.electro-domesticos.com/api/img/1789263995956-7251.jpg"",""https://www.electro-domesticos.com/api/img/1789263996097-587179.jpg""]",https://www.electro-domesticos.com/produit/aeg-47056vs-wn-cocina-vitroceramica-con-horno-multifuncion,in_stock,new
30,AIRMSEN Mini lavavajillas de sobremesa 7+2 programas,airmsen-mini-lavavajillas-de-sobremesa-7-2-programas,lave-vaisselle,289,new,5,0,10,AIRMSEN,,,"Diseño delgado que ocupa poco espacio en la encimera, ideal para cocinas pequeñas | Gran capacidad interior: más de 40 piezas en dos niveles, apto para 5-6 personas | Admite platos de hasta 300 mm retirando la cesta superior | Sistema de ablandamiento de agua con compartimento especial para sal | Doble modo de suministro de agua: depósito de 5 L o conexión directa al grifo | 7 programas de lavado + 2 funciones adicionales | Control táctil con pantalla LED | Testado en fábrica para garantizar la calidad antes del envío","Este mini lavavajillas de sobremesa AIRMSEN, con sistema de ablandamiento de agua incorporado, está pensado para quienes buscan una solución flexible y compacta, ya sea en un apartamento pequeño, una casa de vacaciones o una autocaravana. Su cuerpo delgado ocupa poco espacio en la encimera, mientras que su interior de dos niveles y 5 posiciones permite alojar más de 40 piezas de vajilla, resultando ideal para hogares de 5-6 personas. Retirando la cesta superior, es posible cargar platos de hasta 300 mm de diámetro. Incorpora un compartimento especial para sal regeneradora, que ayuda a reducir la cal y mejorar los resultados de lavado. Puede funcionar tanto con conexión directa al grifo como sin ella, gracias a su depósito de agua integrado de 5 litros, y ofrece 7 programas de lavado más 2 funciones adicionales para adaptarse a distintas necesidades del día a día.","{""Color"":""Blanco"",""Marca"":""AIRMSEN"",""Pantalla"":""LED táctil"",""Capacidad"":""Más de 40 piezas de vajilla (hogares de 5-6 personas)"",""Instalación"":""Con o sin conexión de agua fija"",""Tipo de producto"":""Lavavajillas de sobremesa (mini/compacto)"",""Suministro de agua"":""Depósito integrado de 5 L o conexión a grifo"",""Número de programas"":""7 + 2 funciones adicionales"",""Sistema de ablandamiento de agua"":""Sí, con compartimento de sal específico"",""Diámetro máximo de plato (sin cesta superior)"":""300 mm""}",https://www.electro-domesticos.com/api/img/1789381927170-213077.jpg,"[""https://www.electro-domesticos.com/api/img/1789381927170-213077.jpg""]",https://www.electro-domesticos.com/produit/airmsen-mini-lavavajillas-de-sobremesa-7-2-programas,in_stock,new
29,AIRMSEN Mini lavavajillas de sobremesa 8 programas,airmsen-mini-lavavajillas-de-sobremesa-8-programas,lave-vaisselle,263,new,5,20,10,AIRMSEN,,,"8 programas de lavado + 3 funciones adicionales para adaptarse a cualquier necesidad | Adoucisseur (ablandador) de agua integrado que reduce la cal y mejora la limpieza | Depósito de agua de 5 litros, no requiere instalación ni toma de agua fija | Secado por aire caliente con 72 horas de ventilación adicional | Panel de control táctil con pantalla LED de alta definición | Inicio diferido de 1 a 18 horas para mayor flexibilidad | Bloqueo de seguridad infantil incluido | Funcionamiento silencioso, ideal para espacios pequeños","El mini lavavajillas de sobremesa AIRMSEN está pensado para espacios reducidos como apartamentos pequeños, estudios o autocaravanas, sin necesidad de instalación fija. Incorpora un depósito de agua integrado de 5 litros, así como un adoucisseur (ablandador) de agua que reduce la acumulación de cal, mejora la potencia de limpieza y prolonga la vida útil del aparato. Cuenta con 8 programas de lavado adaptados a distintas necesidades, desde ciclos rápidos hasta intensivos, además de un modo de autolimpieza y secado por aire caliente seguido de 72 horas de ventilación para evitar malos olores. Su panel táctil con pantalla LED facilita el control de los ciclos, mientras que funciones adicionales como el inicio diferido (de 1 a 18 horas) y el bloqueo infantil aportan mayor comodidad y seguridad en el uso diario.","{""Marca"":""AIRMSEN"",""Pantalla"":""LED táctil"",""Instalación"":""Sin necesidad de conexión de agua fija (portátil)"",""Tipo de producto"":""Lavavajillas de sobremesa (mini/compacto)"",""Suministro de agua"":""Depósito integrado de 5 L"",""Adoucisseur de agua"":""Integrado"",""Número de programas"":""8 (Estándar 69 min, Eco 59 min, Rápido 29 min, Intensivo 89 min, Cristal 50 min, Frutas 19 min, Autolimpieza 79 min, Secado 72h)"",""Funciones adicionales"":""Adoucisseur de agua (sal), inicio diferido (1-18h), bloqueo infantil"",""Iluminación interior"":""LED""}",https://www.electro-domesticos.com/api/img/1789381446893-800460.jpg,"[""https://www.electro-domesticos.com/api/img/1789381446893-800460.jpg""]",https://www.electro-domesticos.com/produit/airmsen-mini-lavavajillas-de-sobremesa-8-programas,in_stock,new
2,AURAKICH Horno empotrable 70L + Placa vitrocerámica 6600W,aurakich-horno-empotrable-70l-placa-vitroceramica-6600w,four-plaque,90,new,5,7,10,AURAKICH,8412345600029,RF-CN360,"Conjunto completo de cocina: horno empotrable de 70 L a juego con placa vitrocerámica de 6600 W, diseño uniforme | Tecnología de aire caliente 4D para una distribución homogénea del calor en el horno | 8 modos de cocción, incluyendo función pizza y grill ventilado | 4 zonas de cocción con doble círculo y zona ovalada para mayor flexibilidad | Superficie de vidrio resistente a arañazos y fácil de limpiar con un simple paño | Instalación sencilla en encimeras estándar, sin necesidad de herramientas especiales ni electricista | Panel de control táctil intuitivo con temporizador y bloqueo de seguridad para niños | Compatible con todo tipo de sartenes y ollas (no requiere utensilios especiales de inducción) | Protección extendida de 3+2 años incluida","El set AURAKICH combina un horno empotrable de 70 litros con tecnología de aire caliente 4D y una placa vitrocerámica autosuficiente de 4 fuegos con zonas doble redonda y ovalada. El horno ofrece 8 modos de cocción, incluyendo pizza y grill ventilado, garantizando una distribución uniforme del calor en toda la cavidad para resultados perfectos en pasteles, asados o pizzas. La placa vitrocerámica entrega hasta 6600 W de potencia repartidos en zonas de calentamiento generosas, con superficie de cristal resistente a arañazos, fácil de limpiar y compatible con todo tipo de utensilios de cocina. El conjunto presenta un diseño uniforme y elegante, ideal para una cocina moderna integrada, e incluye protección extendida de 3+2 años.","{""Marca"":""AURAKICH"",""Control"":""Táctil"",""Garantía"":""Protección 3+2 años"",""Instalación"":""Empotrable, encimera estándar 60 cm"",""Temporizador"":""Sí, 1-99 min"",""Tipo de producto"":""Set horno empotrable + placa vitrocerámica"",""Modos de cocción"":""8 (incluye pizza y grill ventilado)"",""Seguro para niños"":""Sí"",""Tipo de superficie"":""Vitrocerámica antirrayas"",""Capacidad del horno"":""70 L"",""Potencia de la placa"":""6600 W"",""Compatibilidad de utensilios"":""Todo tipo de sartenes y ollas"",""Número de zonas de cocción"":""4 (doble círculo + zona ovalada)"",""Tecnología de calor del horno"":""Aire caliente 4D""}",https://www.electro-domesticos.com/api/img/1789263080027-882026.jpg,"[""https://www.electro-domesticos.com/api/img/1789263080027-882026.jpg""]",https://www.electro-domesticos.com/produit/aurakich-horno-empotrable-70l-placa-vitroceramica-6600w,in_stock,new
8,Ariete 917 Horno para pizza eléctrico Negro,ariete-917-horno-para-pizza-electrico-negro,four-plaque,84.99,,5,11,10,Ariete,8003705120679,00C091700AR0,"Pizza casera lista en solo 4 minutos gracias a la alta temperatura de cocción | Temperatura máxima de 400 °C, ideal para una auténtica pizza napolitana | Piedra refractaria de 32 cm con tratamiento antiadherente para fácil limpieza | 5 niveles de cocción con termostato regulable | También apto para calentar cruasanes, tartas, galletas y otros horneados | Incluye palas de madera para manipular la masa con facilidad | Aviso sonoro al finalizar la cocción | Diseño compacto en negro, fácil de almacenar","El horno para pizza Ariete 917 permite disfrutar de una auténtica pizza casera en tan solo 4 minutos (o 2-3 minutos si es congelada), gracias a su piedra refractaria de alta calidad de 32 cm de diámetro con tratamiento antiadherente. Alcanza una temperatura máxima de 400 °C y cuenta con 5 niveles de cocción regulables mediante termostato, ideal para conseguir una pizza napolitana con la base crujiente típica de los hornos de leña. Además de pizzas, también es perfecto para calentar cruasanes, cocinar focaccias, tartas, galletas y otros productos de repostería. Incluye palas de madera para manipular la masa cruda y cocida con facilidad, y su diseño compacto en color negro lo hace fácil de guardar y usar en cualquier cocina.","{""Color"":""Negro"",""Marca"":""Ariete"",""Potencia"":""1200 W"",""Tensión"":""220-240 V"",""Garantía"":""2 años"",""Peso del producto"":""3,94 kg"",""Modelo / referencia"":""0917"",""Niveles de cocción"":""5"",""Temperatura máxima"":""400 °C"",""Accesorios incluidos"":""2 palas de madera"",""Material de la piedra"":""Refractario con tratamiento antiadherente"",""Señal de fin de cocción"":""Aviso sonoro"",""Diámetro de la piedra refractaria"":""32 cm"",""Dimensiones del producto (L x P x A)"":""34 x 30 x 19 cm""}",https://www.electro-domesticos.com/api/img/1789372908625-307412.jpg,"[""https://www.electro-domesticos.com/api/img/1789372908625-307412.jpg"",""https://www.electro-domesticos.com/api/img/1789372908950-325827.jpg"",""https://www.electro-domesticos.com/api/img/1789372909315-361764.jpg"",""https://www.electro-domesticos.com/api/img/1789372909650-369325.jpg"",""https://www.electro-domesticos.com/api/img/1789372910070-789289.jpg"",""https://www.electro-domesticos.com/api/img/1789372910347-444259.jpg""]",https://www.electro-domesticos.com/produit/ariete-917-horno-para-pizza-electrico-negro,in_stock,new
10,BEHOME Horno eléctrico 70L con asador giratorio Negro,behome-horno-electrico-70l-con-asador-giratorio-negro,four-plaque,80,,3.5,8,10,BEHOME,8412345600104,FSV70,"Horno eléctrico de convección con capacidad de 70 litros | Asador giratorio (tournebroche) incluido para una cocción uniforme de carnes y pollo | Temperatura máxima de 320 °C, muy superior a la de un horno convencional de mesa | Función grill, ventilado y asado en un único aparato | Doble cristal resistente al calor que mantiene la temperatura incluso tras apagarlo | Revestimiento interior fácil de limpiar, sin apenas absorción de manchas | Minutero incluido para controlar el tiempo de cocción | Incluye bandeja rectangular, bandeja redonda y rejilla grill","El horno eléctrico BEHOME de 70 litros combina función de convección (chaleur tournante) con asador giratorio, ideal para asar pollos y carnes de forma homogénea. Alcanza una temperatura máxima de 320 °C, permitiendo grillar, ventilar y asar en un único aparato, ahorrando tiempo frente a otros métodos de cocción más lentos. Su doble cristal resistente retiene bien el calor, alcanzando rápidamente la temperatura deseada y manteniéndola incluso después de apagar el horno. El revestimiento interior facilita la limpieza, evitando que la suciedad y las salpicaduras se adhieran a las paredes. Incluye una bandeja rectangular, una bandeja redonda y una rejilla grill, cubriendo así distintas necesidades de cocción en un solo electrodoméstico de acabado negro esmaltado.","{""Color"":""Negro esmaltado"",""Marca"":""BEHOME"",""Capacidad"":""70 L"",""Funciones"":""Convección (chaleur tournante), grill, asador giratorio"",""Temporizador"":""Sí"",""Tipo de puerta"":""Doble cristal resistente al calor"",""Tipo de producto"":""Horno eléctrico de sobremesa"",""Modelo / referencia"":""FSV70"",""Temperatura máxima"":""320 °C"",""Accesorios incluidos"":""1 bandeja rectangular, 1 bandeja redonda, 1 rejilla grill, asador giratorio"",""Iluminación interior"":""Sí"",""Revestimiento interior"":""Fácil limpieza / antiadherente""}",https://www.electro-domesticos.com/api/img/1789373218970-969549.jpg,"[""https://www.electro-domesticos.com/api/img/1789373218970-969549.jpg"",""https://www.electro-domesticos.com/api/img/1789373219249-317964.jpg"",""https://www.electro-domesticos.com/api/img/1789373219511-44694.jpg"",""https://www.electro-domesticos.com/api/img/1789373219735-56084.jpg"",""https://www.electro-domesticos.com/api/img/1789373219926-748579.jpg"",""https://www.electro-domesticos.com/api/img/1789373220191-74413.jpg""]",https://www.electro-domesticos.com/produit/behome-horno-electrico-70l-con-asador-giratorio-negro,in_stock,new
13,Beko BMX7126DB Lavadora 7kg 1200rpm Blanco,beko-bmx7126db-lavadora-7kg-1200rpm-blanco,lave-linge,379,,5,9,10,Beko,8690842875403,BMX7126DB,"Capacidad de 7 kg, ideal para familias de 3-4 personas | Motor ProSmart Inverter: silencioso, eficiente y de larga duración | Tecnología de vapor SteamCure para suavizar las fibras y facilitar la limpieza | Clase de eficiencia energética A, con consumo reducido de agua y energía | Velocidad de centrifugado de hasta 1200 rpm | 15 programas de lavado para distintas necesidades | Pantalla digital XL y controles táctiles intuitivos | Diseño moderno en blanco con puerta de contraste en negro","La lavadora Beko BMX7126DB es un modelo de carga frontal e instalación libre, con una capacidad de 7 kg, ideal para familias de 3-4 personas. Incorpora un motor inverter (ProSmart Inverter) que garantiza un funcionamiento silencioso, eficiente y de larga duración, junto con la tecnología de vapor SteamCure, que suaviza las fibras textiles y facilita la eliminación de manchas. Con una velocidad máxima de centrifugado de 1200 rpm y clase energética A, ofrece un consumo de agua y energía reducido sin renunciar a un lavado eficaz. Cuenta con una amplia pantalla digital, 15 programas de lavado y un diseño moderno en blanco con puerta negra, que se adapta fácilmente a cualquier espacio del hogar.","{""Peso"":""50 kg"",""Color"":""Blanco (puerta negra)"",""Marca"":""Beko"",""Tensión"":""230 V"",""Frecuencia"":""50 Hz"",""Instalación"":""Independiente (libre instalación)"",""Función vapor"":""SteamCure"",""Tipo de producto"":""Lavadora de carga frontal"",""Capacidad de carga"":""7 kg"",""Modelo / referencia"":""BMX7126DB"",""Número de programas"":""15"",""Nivel de ruido (lavado)"":""62 dB"",""Consumo de agua por ciclo"":""43 L"",""Velocidad de centrifugado"":""1200 rpm"",""Dimensiones (Al x An x Pr)"":""847 x 600 x 474 mm"",""Nivel de ruido (centrifugado)"":""76 dB"",""Clase de eficiencia energética"":""A"",""Consumo energético (100 ciclos)"":""44-45 kWh""}",https://www.electro-domesticos.com/api/img/1791211267603-956894.jpg,"[""https://www.electro-domesticos.com/api/img/1791211267603-956894.jpg""]",https://www.electro-domesticos.com/produit/beko-bmx7126db-lavadora-7kg-1200rpm-blanco,in_stock,new
23,Beko DVS05024W Lavavajillas 45cm 10 cubiertos Blanco,beko-dvs05024w-lavavajillas-45cm-10-cubiertos-blanco,lave-vaisselle,367.04,new,5,6,10,Beko,8690842392269,DVS05024W,"Diseño compacto de 45 cm, ideal para cocinas pequeñas | Capacidad de 10 cubiertos con cuba de acero inoxidable resistente | Programa Quick&Shine: lavado y secado en solo 58 minutos (clase A) | Bajo consumo de agua: menos de 12 litros en el programa rápido | Inicio diferido de 3, 6 o 9 horas para aprovechar tarifas valle | Opción de media carga para ahorrar agua y electricidad | Compatible con pastillas detergentes ""todo en uno"" | Clase de eficiencia energética A++ (ahorra hasta un 10% frente a A+) | Seguridad infantil y sistemas antidesbordamiento y antifugas | Piezas de repuesto garantizadas durante 11 años","El lavavajillas Beko DVS05024W es un modelo compacto de 45 cm de ancho, pensado para cocinas con espacio reducido sin renunciar a una capacidad óptima de 10 cubiertos. Su cuba de acero inoxidable es resistente a arañazos, manchas y olores, garantizando durabilidad a largo plazo. El programa Quick&Shine asegura un lavado y secado perfecto (clase A) en solo 58 minutos, consumiendo menos de 12 litros de agua. Gracias al inicio diferido de 3, 6 o 9 horas, es posible programar el lavado en horas valle para ahorrar en la factura eléctrica. La opción de media carga permite optimizar el consumo de agua y electricidad cuando hay poca vajilla que lavar, mientras que la compatibilidad con pastillas ""todo en uno"" simplifica el uso diario. Beko garantiza además la disponibilidad de piezas de repuesto durante 11 años desde la fecha de compra.","{""Peso"":""36,57 kg"",""Color"":""Blanco"",""Marca"":""Beko"",""Tamaño"":""45 cm"",""Capacidad"":""10 cubiertos"",""Media carga"":""Sí"",""Tipo de motor"":""Estándar"",""Nivel de ruido"":""49 dB"",""Clase de secado"":""A"",""Inicio diferido"":""3-6-9 horas"",""Tipo de producto"":""Lavavajillas independiente compacto"",""Sistema de secado"":""Estático"",""Ablandador de agua"":""Sí"",""Seguridad infantil"":""Sí"",""Material de la cuba"":""Acero inoxidable"",""Material del filtro"":""Acero inoxidable"",""Modelo / referencia"":""DVS05024W"",""Número de programas"":""5 (Eco 50°, Intensivo 70°, Clean&Shine, Quick&Shine 58', Express)"",""Origen de fabricación"":""Turquía"",""Temperaturas de lavado"":""35-50-65-70°C"",""Número de brazos de lavado"":""2"",""Clase de eficiencia energética"":""A++""}",https://www.electro-domesticos.com/api/img/1789377502738-367974.jpg,"[""https://www.electro-domesticos.com/api/img/1789377502738-367974.jpg"",""https://www.electro-domesticos.com/api/img/1789377503033-404331.jpg"",""https://www.electro-domesticos.com/api/img/1789377503351-742243.jpg"",""https://www.electro-domesticos.com/api/img/1789377503581-361645.jpg"",""https://www.electro-domesticos.com/api/img/1789377503848-325383.jpg""]",https://www.electro-domesticos.com/produit/beko-dvs05024w-lavavajillas-45cm-10-cubiertos-blanco,in_stock,new
6,Beko FSS57100GW Cocina vitrocerámica 60L 4 fuegos Blanco,beko-fss57100gw-cocina-vitroceramica-60l-4-fuegos-blanco,four-plaque,338,,3,15,10,Beko,8690842120220,FSS57100GW,"Placa vitrocerámica con 4 zonas de cocción de distintas potencias | Horno de convección natural con capacidad de 60 L y función grill fuerte/suave | Paredes catalíticas autolimpiantes que absorben la grasa desde 180 °C | Puerta de vidrio completo, plana y desmontable para una limpieza sencilla | Minutero de corte automático para programar el tiempo de cocción | Testigos de calor residual para mayor seguridad | Iluminación interior para vigilar la cocción sin abrir el horno | Compartimento de almacenamiento inferior para utensilios de cocina | Pies regulables en altura para una instalación más flexible | Clase de eficiencia energética A","La cocina Beko FSS57100GW es un modelo independiente de 50 cm de ancho, con placa vitrocerámica de 4 zonas y horno eléctrico de convección natural con una capacidad de 60 litros. Cuenta con función grill fuerte y suave, iluminación interior para controlar la cocción sin abrir la puerta, y paredes catalíticas autolimpiantes que absorben la grasa a partir de 180 °C, reduciendo el esfuerzo de limpieza. La puerta de vidrio completo es fácil de limpiar y desmontable para un mantenimiento más cómodo. Incluye un compartimento de almacenamiento en la parte inferior para guardar utensilios, minutero de corte automático para programar la cocción y testigos de calor residual que avisan cuando las superficies siguen calientes. Su diseño compacto en color blanco resulta ideal para cocinas de tamaño reducido.","{""Color"":""Blanco"",""Marca"":""Beko"",""Programador"":""Sí (minutero mecánico)"",""Tipo de horno"":""Eléctrico, convección natural"",""Tipo de placa"":""Vitrocerámica"",""Tipo de producto"":""Cocina independiente (horno + placa)"",""Capacidad del horno"":""60 L"",""Modelo / referencia"":""FSS57100GW"",""Accesorios incluidos"":""1 rejilla, 1 bandeja"",""Origen de fabricación"":""Turquía"",""Potencia eléctrica total"":""7700 W"",""Dimensiones (Al x An x Pr)"":""850 x 500 x 600 mm"",""Tipo de limpieza del horno"":""Manual / catalítica lateral"",""Potencia total de las zonas"":""5800 W"",""Número de zonas de cocción"":""4"",""Clase de eficiencia energética"":""A"",""Número de funciones de cocción"":""4"",""Potencia de la zona más potente"":""1700 W"",""Consumo de energía (convección natural)"":""0,76-0,85 kWh""}",https://www.electro-domesticos.com/api/img/1789372537539-900901.jpg,"[""https://www.electro-domesticos.com/api/img/1789372537539-900901.jpg"",""https://www.electro-domesticos.com/api/img/1789372537875-116742.jpg""]",https://www.electro-domesticos.com/produit/beko-fss57100gw-cocina-vitroceramica-60l-4-fuegos-blanco,in_stock,new
61,Bestron AKC200 Mini Picadora Eléctrica,bestron-akc200-mini-picadora-electrica,petit-cuisine,20,eco,5,9,10,Bestron,8712184055999,AKC200,"Función multifuncional: pica, hace puré y mezcla | Dos cuchillas de acero inoxidable, uso individual o combinado | Motor potente de 400 W | Bol mezclador de 500 ml con tapa antisalpicaduras | Funcionamiento seguro y sencillo con gran interruptor de pulso | Base estable con anillo de goma antideslizante | Apagado automático si se usa sin el vaso mezclador | Piezas aptas para lavavajillas (excepto el cuerpo del motor) | Almacenamiento compacto","Picadora eléctrica multifuncional para picar, hacer puré y mezclar sin esfuerzo cebollas, verduras, frutos secos, salsas, vinagretas, hierbas de cocina, comida para bebés, entre otros. Cuenta con dos cuchillas de acero inoxidable que pueden usarse individualmente o juntas, un motor potente de 400 W y un bol mezclador de plástico con capacidad de 500 ml, con tapa protectora antisalpicaduras y marcas de medición.","{""Peso"":""0,84 kg"",""Color"":""Negro/Plateado"",""Material"":""Acero inoxidable/plástico"",""Potencia"":""400 W"",""Cuchillas"":""2, de acero inoxidable"",""Dimensiones"":""13 x 13 x 25 cm"",""Capacidad del bol"":""500 ml"",""Longitud del cable"":""110 cm""}",https://www.electro-domesticos.com/api/img/1789416778354-132683.jpg,"[""https://www.electro-domesticos.com/api/img/1789416778354-132683.jpg"",""https://www.electro-domesticos.com/api/img/1789416778810-245958.jpg"",""https://www.electro-domesticos.com/api/img/1789416779166-171418.jpg"",""https://www.electro-domesticos.com/api/img/1789416779469-623654.jpg""]",https://www.electro-domesticos.com/produit/bestron-akc200-mini-picadora-electrica,in_stock,new
25,Bomann GSPE7421VI Lavavajillas encastrable 60cm Blanco,bomann-gspe7421vi-lavavajillas-encastrable-60cm-blanco,lave-vaisselle,379.9,bestseller,5,17,10,Bomann,4004470742107,GSPE7421VI,"Capacidad para 14 cubiertos, ideal para el uso familiar diario | Cuba de acero inoxidable, resistente y duradera | Bajo consumo de agua: solo 11 L por ciclo | 5 programas de lavado para distintas necesidades | Pantalla LED para un control claro del ciclo | Inicio diferido para programar el lavado cuando más convenga | Nivel de ruido moderado de 47 dB | Diseño encastrable de 60 cm, fácil de integrar en la cocina","El lavavajillas Bomann GSPE7421VI es un modelo encastrable de 60 cm con capacidad para 14 cubiertos, pensado para cubrir las necesidades de una familia estándar sin necesidad de instalación premium. Su cuba de acero inoxidable garantiza durabilidad y resistencia frente al uso diario. Cuenta con 5 programas de lavado que cubren desde ciclos intensivos hasta opciones más económicas, adaptándose a distintos tipos de vajilla y niveles de suciedad. Su bajo consumo de agua, de solo 11 litros por ciclo, junto con su clase de eficiencia energética D, lo convierten en una opción responsable con el consumo doméstico. Incorpora pantalla LED para el control del ciclo, inicio diferido para programar el lavado en el horario más conveniente, y un nivel de ruido moderado de 47 dB que lo hace apto para cocinas abiertas al salón. Su diseño discreto en blanco se integra fácilmente bajo cualquier encimera.","{""Color"":""Blanco"",""Marca"":""Bomann"",""Pantalla"":""LED"",""Capacidad"":""14 cubiertos"",""Peso neto"":""38,5 kg"",""Peso bruto"":""40 kg"",""Instalación"":""Encastrable"",""Nivel de ruido"":""47 dB"",""Inicio diferido"":""Sí"",""Tipo de producto"":""Lavavajillas encastrable"",""Material de la cuba"":""Acero inoxidable"",""Modelo / referencia"":""GSPE7421VI"",""Número de programas"":""5"",""Origen de fabricación"":""China"",""Consumo de agua por ciclo"":""11 L"",""Dimensiones (Al x An x Pr)"":""89 x 64 x 64 cm"",""Clase de eficiencia energética"":""D"",""Consumo eléctrico (100 ciclos)"":""0,85 kWh"",""Clase de eficiencia de nivel sonoro"":""C""}",https://www.electro-domesticos.com/api/img/1789377977509-357044.jpg,"[""https://www.electro-domesticos.com/api/img/1789377977509-357044.jpg""]",https://www.electro-domesticos.com/produit/bomann-gspe7421vi-lavavajillas-encastrable-60cm-blanco,in_stock,new
40,Bomann VS 2195.1 Frigorífico 133L Blanco,bomann-vs-2195-1-frigorifico-133l-blanco,refrigerateur,110,,5,18,10,Bomann,4004470721959,VS 2195.1 (Art. 721950),"Diseño independiente compacto, ideal como frigorífico adicional o para espacios pequeños | Capacidad neta de 133 litros, con 3 clayettes de vidrio templado | Termostato regulable de forma continua para un control preciso | Iluminación interior LED para una visibilidad clara del contenido | Bac de verduras transparente con tapa de vidrio incluido | 3 compartimentos en la puerta y 2 hueveras para mayor organización | Bisagra de puerta reversible (derecha por defecto) | Pies regulables para una instalación estable","El frigorífico Bomann VS 2195.1 es un modelo independiente sin compartimento congelador, con una capacidad neta de 133 litros, pensado para quienes ya disponen de un congelador aparte o simplemente necesitan almacenamiento en frío adicional. Su sistema de refrigeración estático garantiza un funcionamiento fiable, mientras que su termostato es regulable de forma continua para ajustar la temperatura según las necesidades. El interior cuenta con 3 clayettes de vidrio templado, 1 bac transparente para verduras con tapa de vidrio, 3 compartimentos en la puerta y 2 hueveras, ofreciendo un almacenamiento organizado y versátil. Su iluminación interior LED asegura una visibilidad clara del contenido, y sus pies regulables garantizan una instalación estable en cualquier superficie. Con bisagra de puerta a la derecha (reversible) y un acabado en blanco discreto, este frigorífico compacto resulta ideal para pequeños espacios o como electrodoméstico adicional.","{""Pies"":""Regulables"",""Color"":""Blanco"",""Marca"":""Bomann"",""Peso neto"":""28-28,5 kg"",""Refrigerante"":""R600a"",""Capacidad neta"":""133-134 L"",""Nivel de ruido"":""39-40 dB"",""Clase climática"":""N-ST / SN-N-ST-T (+10°C a +43°C)"",""Potencia nominal"":""55-70 W"",""Tipo de producto"":""Frigorífico independiente (sin congelador)"",""Bisagra de puerta"":""Derecha, reversible"",""Modelo / referencia"":""VS 2195.1 (Art. 721950)"",""Bandejas para huevos"":""2"",""Número de clayettes"":""3-4 (vidrio)"",""Iluminación interior"":""LED"",""Tensión de conexión"":""220-240 V~ / 50 Hz"",""Compartimentos en puerta"":""3"",""Consumo energético anual"":""62-72 kWh"",""Dimensiones (Al x An x Pr)"":""845 x 560 x 575 mm (aprox.)"",""Sistema de descongelación"":""Automático/semiautomático"",""Clase de eficiencia energética"":""D (según normativa vigente; A+++ en escala anterior)""}",https://www.electro-domesticos.com/api/img/1789412284787-964381.jpg,"[""https://www.electro-domesticos.com/api/img/1789412284787-964381.jpg"",""https://www.electro-domesticos.com/api/img/1789412285031-433927.jpg"",""https://www.electro-domesticos.com/api/img/1789412285132-745385.jpg"",""https://www.electro-domesticos.com/api/img/1789412285314-1196.jpg""]",https://www.electro-domesticos.com/produit/bomann-vs-2195-1-frigorifico-133l-blanco,in_stock,new
32,Bomann VS 7255 Negro,bomann-vs-7255-negro,refrigerateur,189,new,4,13,10,Bomann,4004470725513,772551,Regulación de temperatura continua (0°C a +8°C) | Bisagra de puerta reversible | Iluminación LED interior | 3 baldas de vidrio + 3 estantes en la puerta | Compartimento transparente para verduras | Bandeja para huevos incluida | Patas ajustables,"Frigorífico sin congelador de Bomann, de 87 litros, eficiente energéticamente, silencioso y compacto, con regulación de temperatura continua de 0°C a +8°C, 3 baldas de vidrio, compartimento transparente para verduras, iluminación LED interior, bisagra de puerta intercambiable y patas ajustables.","{""Peso"":""20 kg"",""Color"":""Negro"",""Capacidad"":""87 L"",""Dimensiones"":""47 x 44,5 x 83,5 cm"",""Instalación"":""Independiente (freestanding)"",""Consumo anual"":""85 kWh"",""Nivel de ruido"":""40 dB"",""Registro EPREL"":""2249314"",""Tipo de puerta"":""Una puerta"",""Clase energética"":""E"",""País de fabricación"":""China""}",https://www.electro-domesticos.com/api/img/1789389300492-217340.jpg,"[""https://www.electro-domesticos.com/api/img/1789389300492-217340.jpg""]",https://www.electro-domesticos.com/produit/bomann-vs-7255-negro,in_stock,new
5,Bompani BO 683 DZ Cocina inox con placa vitrocerámica,bompani-bo-683-dz-cocina-inox-con-placa-vitroceramica,four-plaque,616,new,5,7,10,BO 683 DZ,8412345600050,MO-SG25,"Cocina de 90 cm en acero inoxidable con diseño Tech-Line elegante y resistente | Placa vitrocerámica con 5 zonas de cocción, incluyendo zona de doble circuito | Horno eléctrico multifunción con varios programas de cocción | Distribución uniforme del calor para resultados de cocción homogéneos | Superficie de vidrio fácil de limpiar y resistente al desgaste | Fabricación italiana con materiales de calidad duradera | Diseño independiente (freestanding), fácil de instalar en cualquier cocina","La cocina Bompani BO 683 DZ es un modelo independiente de 90 cm fabricado en acero inoxidable con un diseño de línea técnica (Tech-Line). Incorpora una placa vitrocerámica con 5 zonas de cocción, incluyendo una zona de doble circuito que permite adaptarse a distintos tamaños de recipientes. El horno eléctrico multifunción ofrece varios programas de cocción, con distribución uniforme del calor para resultados homogéneos en gratinados, asados y horneados. Su acabado en acero inoxidable resistente a huellas y su diseño elegante la convierten en una opción robusta y funcional, ideal para cocinas que buscan combinar estética","{""Marca"":""Bompani"",""Diseño"":""Tech-Line"",""Material"":""Acero inoxidable"",""Dimensiones"":""90 x 60 cm (ancho x fondo)"",""Instalación"":""Independiente (freestanding)"",""Tipo de horno"":""Eléctrico multifunción"",""Tipo de placa"":""Vitrocerámica"",""Tipo de producto"":""Cocina independiente (horno + placa)"",""Modelo / referencia"":""BO 683 DZ"",""Origen de fabricación"":""Italia"",""Número de zonas de cocción"":""5 (incluye zona de doble circuito)""}",https://www.electro-domesticos.com/api/img/1789266433476-323257.jpg,"[""https://www.electro-domesticos.com/api/img/1789266433476-323257.jpg""]",https://www.electro-domesticos.com/produit/bompani-bo-683-dz-cocina-inox-con-placa-vitroceramica,in_stock,new
39,Bosch KIR41NSE0 Frigorífico integrable 204L Serie 2,bosch-kir41nse0-frigorifico-integrable-204l-serie-2,refrigerateur,450,,5,0,10,Bosch,4242005323227,KIR41NSE0,"Diseño integrable de una sola puerta, con fijación por glissières (deslizantes) | Tecnología FreshSense: sensores que garantizan una temperatura constante | Sistema EcoAirflow para una circulación de aire optimizada | Refrigeración rápida SuperCooling para enfriar alimentos nuevos sin afectar a los demás | Iluminación interior LED, uniforme y sin deslumbramientos | 5 baldas de vidrio y cajón Multi Box XXL para una organización flexible | Funcionamiento muy silencioso: solo 35 dB (clase de emisión sonora B) | Dégivrado automático en el frigorífico","El frigorífico Bosch KIR41NSE0, de la Serie 2, es un modelo integrable de una sola puerta sin compartimento congelador, con una capacidad total de 204 litros, ideal para integrarse en muebles de cocina en columna. Incorpora la tecnología FreshSense, con sensores internos y externos que garantizan una temperatura constante en el interior del aparato pese a las variaciones externas, además del sistema EcoAirflow para una circulación de aire optimizada. Cuenta con refrigeración rápida SuperCooling, que reduce la temperatura a 2-3°C para enfriar más rápido los alimentos recién introducidos sin afectar a los que ya están almacenados. Su iluminación interior LED ofrece una visibilidad uniforme y sin deslumbramientos, mientras que sus 5 baldas de vidrio y el cajón Multi Box XXL permiten una organización flexible del espacio. Con un funcionamiento silencioso de solo 35 dB y una clase de eficiencia energética E, este modelo combina discreción, rendimiento y bajo consumo para cualquier cocina moderna.","{""Peso"":""42,71 kg"",""Marca"":""Bosch"",""Serie"":""Serie 2"",""Instalación"":""Integrable, con fijación por glissières"",""Alimentación"":""220-240 V, 50 Hz, 10 A"",""Nivel de ruido"":""35 dB"",""Capacidad total"":""204 L"",""Certificaciones"":""CE, VDE"",""Clase climática"":""SN-ST (10°C a 38°C)"",""Tipo de producto"":""Frigorífico integrable de 1 puerta (sin congelador)"",""Número de baldas"":""5 (vidrio)"",""Longitud del cable"":""230 cm"",""Modelo / referencia"":""KIR41NSE0"",""Accesorios incluidos"":""Huevera"",""Iluminación interior"":""LED"",""Clase de emisión sonora"":""B"",""Consumo energético anual"":""101 kWh/año"",""Dimensiones (Al x An x Pr)"":""122,1 x 54,1 x 54,8 cm"",""Sistema de descongelación"":""Automático"",""Número de balconnets (puerta)"":""4"",""Clase de eficiencia energética"":""E"",""Coste energético anual estimado"":""25,41 € - 28,18 €""}",https://www.electro-domesticos.com/api/img/1789412165717-521527.jpg,"[""https://www.electro-domesticos.com/api/img/1789412165717-521527.jpg"",""https://www.electro-domesticos.com/api/img/1789412165977-413357.jpg"",""https://www.electro-domesticos.com/api/img/1789412166275-942666.jpg"",""https://www.electro-domesticos.com/api/img/1789412166480-926969.jpg""]",https://www.electro-domesticos.com/produit/bosch-kir41nse0-frigorifico-integrable-204l-serie-2,in_stock,new
12,Bosch WAN2827ZFR Lavadora carga frontal 9kg Serie 4,bosch-wan2827zfr-lavadora-carga-frontal-9kg-serie-4,lave-linge,464,new,5,13,10,Bosch,4242005536450,WAN2827ZFR,"Capacidad de 9 kg, ideal para familias y grandes volúmenes de colada | Motor EcoSilence Drive por inducción, silencioso y con 10 años de garantía | Función Iron Assist: reduce hasta un 50% las arrugas con vapor | Tecnología ActiveWater Plus: ajusta automáticamente el consumo de agua según la carga | Función SpeedPerfect: ciclos hasta un 65% más rápidos sin perder eficacia | Sistema Vario Drum para una distribución homogénea del agua | Velocidad de centrifugado de hasta 1400 rpm | Clase de eficiencia energética A | Pantalla LED y controles táctiles intuitivos","La lavadora Bosch WAN2827ZFR de la Serie 4 es un modelo de carga frontal con una capacidad de 9 kg, pensada para familias o personas que lavan con frecuencia grandes volúmenes de ropa. Incorpora el motor EcoSilence Drive por inducción, silencioso y con 10 años de garantía, junto con la función Iron Assist, que utiliza vapor para reducir hasta un 50 % las arrugas y facilitar el planchado posterior. La tecnología ActiveWater Plus detecta automáticamente la carga y ajusta el consumo de agua en consecuencia, mientras que la función SpeedPerfect permite acortar los ciclos hasta un 65 % sin perder eficacia de lavado. El sistema Vario Drum distribuye el agua de forma homogénea para un lavado tan eficaz como delicado, y su clase energética A garantiza un consumo responsable. Su diseño en blanco, con pantalla LED y controles táctiles, resulta intuitivo y se adapta fácilmente a cualquier espacio.","{""Color"":""Blanco"",""Marca"":""Bosch"",""Peso neto"":""66,3 kg"",""Instalación"":""Independiente (pose libre)"",""Tipo de motor"":""Inducción (EcoSilence Drive / BLDC)"",""Nivel de ruido"":""72 dB(A)"",""Tipo de producto"":""Lavadora de carga frontal"",""Bisagra de puerta"":""Izquierda"",""Capacidad máxima"":""9,0 kg"",""Volumen del tambor"":""65 L"",""Modelo / referencia"":""WAN2827ZFR"",""Velocidad de centrifugado"":""1400 rpm"",""Consumo de energía por ciclo"":""0,48 kWh"",""Consumo de agua (programa Eco)"":""50 L/ciclo"",""Clase de eficiencia energética"":""A"",""Indice de reparabilidad/durabilidad"":""9,2/10"",""Consumo energético (100 ciclos Eco 40-60)"":""49 kWh""}",https://www.electro-domesticos.com/api/img/1789373568423-300098.jpg,"[""https://www.electro-domesticos.com/api/img/1789373568423-300098.jpg"",""https://www.electro-domesticos.com/api/img/1789373568764-84525.jpg"",""https://www.electro-domesticos.com/api/img/1789373569047-163755.jpg"",""https://www.electro-domesticos.com/api/img/1789373569233-319296.jpg""]",https://www.electro-domesticos.com/produit/bosch-wan2827zfr-lavadora-carga-frontal-9kg-serie-4,in_stock,new
20,Bosch WGB244A2FR Lavadora Serie 8 9kg i-DOS,bosch-wgb244a2fr-lavadora-serie-8-9kg-i-dos,lave-linge,849.99,,5,0,10,Bosch,4242005492701,WGB244A2FR,"Clase energética A -50%, un 50% más eficiente que el límite de la clase A | Sistema i-DOS con escaneo de detergente para una dosificación automática y precisa | Función Iron Assist: reduce hasta un 50% las arrugas mediante vapor | Added Steam: menos plancha y más tiempo libre | Conectividad Home Connect para control remoto y diagnóstico | Motor EcoSilence Drive por inducción, silencioso y con 10 años de garantía | Tecnología ActiveWater Plus: ajusta el consumo de agua según la carga | Opción Mini Carga y Anti-manchas para lavados rápidos y específicos | Velocidad de centrifugado de hasta 1400 rpm | Sistema de lavado 4D para una penetración óptima del agua y detergente","La lavadora Bosch WGB244A2FR, de la Serie 8, es un modelo de carga frontal de gama alta con una capacidad de 9 kg, pensado para ofrecer un rendimiento de lavado excelente reduciendo al máximo el consumo energético. Alcanza una clase energética A -50%, es decir, un 50% más eficiente que el límite de la clase A. Incorpora el sistema i-DOS con escaneo de detergente, que dosifica automáticamente la cantidad exacta de lessive y suavizante necesaria, ahorrando agua y producto en cada lavado. La función Iron Assist reduce hasta un 50% las arrugas mediante vapor, mientras que Added Steam disminuye el tiempo de planchado. Gracias a Home Connect, la lavadora puede controlarse y supervisarse a distancia, con acceso a programas adicionales y diagnóstico remoto. El motor EcoSilence Drive por inducción garantiza silencio y una garantía de 10 años, y la tecnología ActiveWater Plus ajusta automáticamente el consumo de agua según la carga detectada.","{""Marca"":""Bosch"",""Motor"":""Inducción (EcoSilence Drive)"",""Conectividad"":""Home Connect (Wi-Fi)"",""Fin diferido"":""Hasta 24 horas"",""Instalación"":""Independiente (pose libre)"",""Tipo de producto"":""Lavadora de carga frontal"",""Volumen del tambor"":""70 L"",""Capacidad de lavado"":""9 kg"",""Modelo / referencia"":""WGB244A2FR"",""Pesaje electrónico"":""Sí"",""Dosificación automática"":""i-Dos1 (detergente) e i-Dos2 (suavizante/detergente)"",""Velocidad de centrifugado"":""1400 rpm (400-1400 rpm variable)"",""Duración programa Eco 40-60"":""3h40min"",""Nivel de ruido (centrifugado)"":""71 dB(A)"",""Consumo de agua (programa Eco)"":""47 L/ciclo"",""Clase de eficiencia energética"":""A (-50%)"",""Clase de eficiencia de centrifugado"":""B"",""Consumo energético (100 ciclos Eco 40-60)"":""25 kWh""}",https://www.electro-domesticos.com/api/img/1789376378897-524901.jpg,"[""https://www.electro-domesticos.com/api/img/1789376378897-524901.jpg"",""https://www.electro-domesticos.com/api/img/1789376379236-615337.jpg"",""https://www.electro-domesticos.com/api/img/1789376379550-365101.jpg"",""https://www.electro-domesticos.com/api/img/1789376379853-168984.jpg""]",https://www.electro-domesticos.com/produit/bosch-wgb244a2fr-lavadora-serie-8-9kg-i-dos,in_stock,new
11,Bosch WGE02406FR Lavadora carga frontal 7kg Serie 2,bosch-wge02406fr-lavadora-carga-frontal-7kg-serie-2,lave-linge,499.99,new,5,30,10,Bosch,4242005440511,WGE02406FR,"Motor EcoSilence Drive por inducción, silencioso y con 10 años de garantía | Capacidad de 7 kg, ideal para hogares de tamaño medio | Clase de eficiencia energética A, con bajo consumo de agua y electricidad | Función SpeedPerfect: ciclos hasta un 65% más cortos sin perder eficacia de lavado | Posibilidad de añadir ropa durante el ciclo de lavado | Velocidad de centrifugado de hasta 1400 rpm | Amplia variedad de programas: algodón, sintéticos, delicados, lana, seda y más | Seguridad infantil y sistema de diagnóstico visual de errores | Bajo nivel de ruido (72 dB) e indicador de reparabilidad alto (8,6/10)","La lavadora Bosch WGE02406FR de la Serie 2 es un modelo de carga frontal independiente con una capacidad de 7 kg, pensada para el uso diario en hogares de tamaño medio. Incorpora el motor EcoSilence Drive, con tecnología por inducción, que ofrece un funcionamiento silencioso y una garantía de 10 años sobre el motor. Su clase de eficiencia energética A y su bajo consumo de agua y electricidad la convierten en una opción responsable con el medio ambiente y con la factura. La función SpeedPerfect permite reducir la duración de los ciclos hasta un 65 % manteniendo la limpieza, mientras que la opción de añadir ropa durante el ciclo aporta mayor flexibilidad. Cuenta además con múltiples programas de lavado, seguridad para niños y un sistema de diagnóstico visual de errores, ofreciendo un rendimiento fiable respaldado por la reconocida calidad de Bosch.","{""Color"":""Blanco"",""Marca"":""Bosch"",""Tensión"":""220-240 V"",""Peso neto"":""70,8 kg"",""Instalación"":""Independiente (pose libre)"",""Tipo de motor"":""Inducción (EcoSilence Drive)"",""Nivel de ruido"":""72 dB(A)"",""Tipo de producto"":""Lavadora de carga frontal"",""Bisagra de puerta"":""Izquierda"",""Capacidad máxima"":""7,0 kg"",""Modelo / referencia"":""WGE02406FR"",""Potencia de conexión"":""2300 W"",""Índice de reparabilidad"":""8,6"",""Velocidad de centrifugado"":""1400 rpm"",""Dimensiones (Al x An x Pr)"":""848 x 598 x 588 mm"",""Duración programa Eco 40-60"":""2h55min"",""Consumo de agua (programa Eco)"":""44 L/ciclo"",""Clase de eficiencia energética"":""A"",""Consumo energético (100 ciclos Eco 40-60)"":""40 kWh""}",https://www.electro-domesticos.com/api/img/1789373390049-226787.jpg,"[""https://www.electro-domesticos.com/api/img/1789373390049-226787.jpg"",""https://www.electro-domesticos.com/api/img/1789373390394-675807.jpg"",""https://www.electro-domesticos.com/api/img/1789373390647-997772.jpg"",""https://www.electro-domesticos.com/api/img/1789373390827-424828.jpg""]",https://www.electro-domesticos.com/produit/bosch-wge02406fr-lavadora-carga-frontal-7kg-serie-2,in_stock,new
21,Candy CF 5C6F0B Lavavajillas 15 cubiertos Negro,candy-cf-5c6f0b-lavavajillas-15-cubiertos-negro,lave-vaisselle,372.7,new,5,7,10,Candy,8059019063591,CF 5C6F0B,"Cuba Maxi-Tub: la más espaciosa de su categoría estándar | Motor Speed-Drive Inverter sin escobillas: eficiente y silencioso | Apertura automática de puerta (Smart Door) para un secado natural y ahorro de energía | Conectividad Wi-Fi + Bluetooth con la app hOn para control remoto | Ciclo rápido Wash & Dry de solo 35 minutos | 8 programas de lavado para adaptarse a distintas necesidades | Capacidad para 15 cubiertos, ideal para familias numerosas o invitados frecuentes | Inicio diferido hasta 24 horas | Nivel de ruido reducido (46 dB)","El lavavajillas Candy Rapidò CF 5C6F0B es un modelo independiente con capacidad para 15 cubiertos, diseñado para ofrecer el máximo espacio interior gracias a su cuba Maxi-Tub, la más amplia de su categoría estándar, ideal para lavar incluso utensilios grandes como bandejas de horno o tablas de cortar. Incorpora el innovador motor Speed-Drive Inverter, sin escobillas, que maximiza el rendimiento de limpieza mientras reduce el consumo energético, logrando la clase de eficiencia C. Su función de apertura automática de puerta (Smart Door) se activa durante la fase de secado, dejando la puerta entreabierta unos centímetros para permitir la circulación de aire y un secado natural, optimizando así el consumo energético. Con conectividad Wi-Fi y Bluetooth a través de la app hOn, es posible controlar el lavavajillas a distancia y acceder a programas adicionales. Su acabado en negro y su ciclo Wash & Dry de 35 minutos lo convierten en una opción práctica y moderna para el día a día.","{""Color"":""Negro"",""Marca"":""Candy"",""Motor"":""Speed-Drive Inverter"",""Capacidad"":""15 cubiertos"",""Conectividad"":""Wi-Fi + Bluetooth (app hOn)"",""Instalación"":""Independiente (pose libre)"",""Cesta superior"":""Regulable en altura"",""Nivel de ruido"":""46 dB (clase C)"",""Inicio diferido"":""Hasta 24 horas"",""Tipo de producto"":""Lavavajillas independiente"",""Modelo / referencia"":""CF 5C6F0B"",""Número de programas"":""8"",""Dimensiones (Al x An x Pr)"":""850 x 600 x 600 mm"",""Apertura automática de puerta"":""Sí (Smart Door)"",""Clase de eficiencia energética"":""C""}",https://www.electro-domesticos.com/api/img/1789376718726-847572.jpg,"[""https://www.electro-domesticos.com/api/img/1789376718726-847572.jpg""]",https://www.electro-domesticos.com/produit/candy-cf-5c6f0b-lavavajillas-15-cubiertos-negro,in_stock,new
18,Candy CW50-BP12307U1-S Mini lavadora 5kg Blanca,candy-cw50-bp12307u1-s-mini-lavadora-5kg-blanca,lave-linge,489,new,5,10,10,Candy,8059019106113,CW50-BP12307U1-S,"Diseño compacto (70 x 51 x 42 cm) ideal para espacios reducidos | Capacidad de 5 kg con tambor de acero inoxidable de 32 litros | Motor por inducción silencioso (51 dB) y eficiente energéticamente | Pack de Higiene: elimina hasta un 99,8% de bacterias en zonas sensibles | Conectividad Wi-Fi + Bluetooth mediante la app hOn | 12 programas, incluyendo Eco 40-60 y ciclo rápido de 14 minutos | Inicio diferido de 1 a 24 horas | Clase de eficiencia energética A | Cierre automático de puerta y comandos con seguridad reforzada","La lavadora Candy CW50-BP12307U1-S, de la gama Mini ProWash 700, es una solución compacta pensada para espacios reducidos como apartamentos pequeños o lavaderos estrechos, sin renunciar al rendimiento. Con una capacidad de 5 kg, cuenta con un amplio tambor de acero inoxidable de 32 litros con superficie tipo cojín, que permite que la ropa se deslice con suavidad, cuidando especialmente los tejidos delicados. Su motor por inducción asegura un funcionamiento silencioso y eficiente en consumo energético, mientras que el Pack de Higiene elimina hasta el 99,8% de las bacterias en el sello de la puerta y el cajón de detergente. La conectividad Wi-Fi y Bluetooth, junto con la app hOn, permite acceder a programas adicionales y consejos prácticos. Su diseño en blanco con ojo de buey negro y panel táctil se adapta fácilmente a cualquier rincón del hogar.","{""Color"":""Blanco con ojo de buey negro"",""Marca"":""Candy"",""Conectividad"":""Wi-Fi + Bluetooth (app hOn)"",""Instalación"":""Independiente (pose libre)"",""Inicio diferido"":""1-24 horas"",""Tipo de producto"":""Lavadora de carga frontal (compacta)"",""Bisagra de puerta"":""Izquierda"",""Volumen del tambor"":""32 L"",""Capacidad de lavado"":""5 kg"",""Material del tambor"":""Acero inoxidable"",""Modelo / referencia"":""CW50-BP12307U1-S"",""Número de programas"":""12"",""Consumo de agua por ciclo"":""31 L"",""Velocidad de centrifugado"":""1200 rpm"",""Dimensiones (Al x An x Pr)"":""700 x 510 x 488 mm (aprox. 70 x 51 x 42/49,2 cm)"",""Nivel de ruido (centrifugado)"":""69 dB"",""Clase de eficiencia energética"":""A"",""Consumo energético (100 ciclos)"":""39 kWh"",""Clase de eficiencia de centrifugado"":""C""}",https://www.electro-domesticos.com/api/img/1789374562597-372774.jpg,"[""https://www.electro-domesticos.com/api/img/1789374562597-372774.jpg"",""https://www.electro-domesticos.com/api/img/1789374563007-841322.jpg"",""https://www.electro-domesticos.com/api/img/1789374563404-642876.jpg"",""https://www.electro-domesticos.com/api/img/1789374563639-378975.jpg"",""https://www.electro-domesticos.com/api/img/1789374563868-119391.jpg"",""https://www.electro-domesticos.com/api/img/1789374564001-684694.jpg""]",https://www.electro-domesticos.com/produit/candy-cw50-bp12307u1-s-mini-lavadora-5kg-blanca,in_stock,new
14,Candy EWY 4106G8-S Lavadora-secadora 10kg/6kg,candy-ewy-4106g8-s-lavadora-secadora-10kg-6kg,lave-linge,799,,5,11,10,Candy,,EWY 4106G8-S,"Gran capacidad: lava hasta 10 kg y seca hasta 6 kg en un solo aparato | Motor inverter silencioso, duradero y eficiente energéticamente | Tecnología ProActive EcoWash: pulverización precisa de agua y detergente | Pack de Higiene: elimina hasta un 99,8% de bacterias en zonas sensibles | Función vapor antiarrugas que reduce el planchado y elimina olores | 20% más eficiente que la clase energética A | 12 programas de lavado con pantalla LED intuitiva | Centrifugado de hasta 1400 rpm | Diseño robusto testado para durar hasta 20 años","La lavadora-secadora Candy EWY 4106G8-S es un electrodoméstico 2 en 1 pensado para simplificar el día a día, con una gran capacidad de 10 kg en lavado y 6 kg en secado, ideal para familias numerosas y hogares muy activos. Su motor inverter garantiza un funcionamiento silencioso, duradero y eficiente energéticamente. Gracias a la tecnología ProActive EcoWash, el aparato pulveriza una mezcla precisa de agua y detergente directamente sobre la ropa, logrando la máxima eficacia con un consumo reducido. El Pack de Higiene elimina hasta un 99,8% de las bacterias en zonas sensibles como la junta de la puerta y la bandeja de detergente, garantizando una limpieza impecable ciclo tras ciclo. La función de vapor integrada reduce las arrugas, facilita el planchado y elimina los malos olores, mejorando además la higiene de los tejidos. Con 12 programas, pantalla LED y centrifugado de hasta 1400 rpm, este modelo ofrece un manejo intuitivo y un rendimiento fiable, testado para durar hasta 20 años.","{""Color"":""Blanco"",""Marca"":""Candy"",""Motor"":""Inverter"",""Pantalla"":""LED"",""Instalación"":""Independiente (pose libre)"",""Función vapor"":""Sí"",""Nivel de ruido"":""70 dB"",""Tipo de producto"":""Lavadora-secadora"",""Capacidad de lavado"":""10 kg"",""Capacidad de secado"":""6 kg"",""Modelo / referencia"":""EWY 4106G8-S"",""Número de programas"":""12"",""Consumo de agua por ciclo"":""44 L"",""Velocidad de centrifugado"":""1400 rpm"",""Dimensiones (Al x An x Pr)"":""850 x 595 x 601 mm"",""Clase de eficiencia (ciclo combinado)"":""D""}",https://www.electro-domesticos.com/api/img/1789373987701-484773.jpg,"[""https://www.electro-domesticos.com/api/img/1789373987701-484773.jpg"",""https://www.electro-domesticos.com/api/img/1789373988071-809641.jpg"",""https://www.electro-domesticos.com/api/img/1789373988298-6055.jpg"",""https://www.electro-domesticos.com/api/img/1789373988498-609870.jpg""]",https://www.electro-domesticos.com/produit/candy-ewy-4106g8-s-lavadora-secadora-10kg-6kg,in_stock,new
15,Candy EWY485SG8-S Lavadora-secadora 8kg/5kg,candy-ewy485sg8-s-lavadora-secadora-8kg-5kg,lave-linge,399,,5,0,10,Candy,8059019127118,EWY485SG8-S,"Lava hasta 8 kg y seca hasta 5 kg en un solo aparato | Motor Inverter BPM silencioso y fiable, con centrifugado de hasta 1400 rpm | Conectividad Wi-Fi y Bluetooth mediante la app hOn para control remoto | Tecnología ProActive EcoWash: pulverización óptima de agua y detergente | Pack de Higiene: elimina hasta un 99,8% de bacterias en zonas sensibles | Función vapor antiarrugas que reduce el tiempo de planchado | 16 programas de lavado, incluyendo ciclos rápidos desde 14 minutos | Inicio diferido de hasta 24 horas para lavar en horas valle | Clase de eficiencia energética A en el ciclo de lavado","La lavadora-secadora Candy EWY485SG8-S, de la gama ProWash&Dry 700, combina rendimiento y comodidad para simplificar la colada diaria. Con una capacidad de 8 kg en lavado y 5 kg en secado, se adapta perfectamente a las necesidades de las familias. Su motor Inverter BPM asegura una velocidad de centrifugado máxima de 1400 rpm con resultados óptimos, mientras que la conectividad Wi-Fi y Bluetooth a través de la app hOn permite controlar y seguir los ciclos de lavado a distancia desde el smartphone. La tecnología ProActive EcoWash pulveriza la mezcla ideal de agua y detergente directamente sobre la ropa, garantizando resultados impecables en cada lavado. El Pack de Higiene elimina hasta el 99,8% de las bacterias en la junta de la puerta y el cajón de detergente, mientras que la función de vapor al final del ciclo reduce las arrugas, facilita el planchado y elimina malos olores. Su interfaz LCD Dot Matrix da acceso a 16 programas, incluyendo un enjuague extra y un inicio diferido de hasta 24 horas, todo en un diseño elegante en blanco con puerta negra.","{""Color"":""Blanco con puerta negra"",""Marca"":""Candy"",""Motor"":""Inverter BPM"",""Pantalla"":""LCD Dot Matrix"",""Conectividad"":""Wi-Fi + Bluetooth (app hOn)"",""Instalación"":""Independiente (pose libre)"",""Función vapor"":""Sí"",""Inicio diferido"":""Hasta 24 horas"",""Tipo de producto"":""Lavadora-secadora"",""Capacidad de lavado"":""8 kg"",""Capacidad de secado"":""5 kg"",""Modelo / referencia"":""EWY485SG8-S"",""Número de programas"":""16"",""Velocidad de centrifugado"":""1400 rpm"",""Dimensiones (Al x An x Pr)"":""850 x 595 x 544 mm"",""Clase de eficiencia energética (lavado)"":""A"",""Consumo energético (100 ciclos de lavado)"":""35 kWh"",""Clase de eficiencia energética (lavado + secado)"":""E""}",https://www.electro-domesticos.com/api/img/1789374098384-54020.jpg,"[""https://www.electro-domesticos.com/api/img/1789374098384-54020.jpg"",""https://www.electro-domesticos.com/api/img/1789374098649-773099.jpg"",""https://www.electro-domesticos.com/api/img/1789374098866-987009.jpg""]",https://www.electro-domesticos.com/produit/candy-ewy485sg8-s-lavadora-secadora-8kg-5kg,in_stock,new
16,Candy GWD485SB6-S Lavadora-secadora 8kg/5kg,candy-gwd485sb6-s-lavadora-secadora-8kg-5kg,lave-linge,350,,5,17,10,Candy,8059019115429,GWD485SB6-S,"Lava hasta 8 kg y seca hasta 5 kg en un solo aparato | Tecnología ProActive EcoWash: pulverización precisa de agua y detergente | Pack de Higiene: elimina hasta un 99,8% de bacterias en zonas sensibles | Función vapor antiarrugas que facilita el planchado y elimina olores | Motor inverter robusto, silencioso y eficiente | Tambor de acero inoxidable de 56 L con hublot XXL | 16 programas de lavado, incluyendo Eco 40-60 y ciclo rápido de 14 minutos | Inicio diferido hasta 24 horas para mayor flexibilidad | Clase de eficiencia energética A en el ciclo de lavado","La lavadora-secadora Candy GWD485SB6-S, de la gama ProWash&Dry 300, está diseñada para simplificar el día a día garantizando un cuidado óptimo de la ropa. Con una capacidad de 8 kg en lavado y 5 kg en secado, se adapta perfectamente a las necesidades de un hogar moderno. Incorpora la tecnología ProActive EcoWash, que pulveriza una mezcla precisa de agua y detergente directamente sobre las fibras para lograr un lavado impecable incluso a bajas temperaturas. Su Pack de Higiene garantiza una limpieza óptima gracias a un tratamiento que elimina el 99,8% de las bacterias en las zonas más sensibles del aparato. La función vapor, integrada al final del ciclo, reduce las arrugas, disminuye el tiempo de planchado y elimina los malos olores, reforzando además la higiene de los tejidos. Su tambor de acero inoxidable de 56 L y su amplio ojo de buey (hublot XXL) ofrecen comodidad de uso, mientras que el motor inverter aporta robustez, silencio y eficiencia en cada ciclo.","{""Peso"":""61 kg"",""Color"":""Blanco"",""Marca"":""Candy"",""Motor"":""Inverter"",""Pantalla"":""LED"",""Instalación"":""Independiente (pose libre)"",""Tipo de producto"":""Lavadora-secadora"",""Capacidad de lavado"":""8 kg"",""Capacidad de secado"":""5 kg"",""Material del tambor"":""Acero inoxidable"",""Modelo / referencia"":""GWD485SB6-S"",""Capacidad del tambor"":""56 L"",""Número de programas"":""16"",""Consumo de agua (lavado)"":""40 L/ciclo"",""Velocidad de centrifugado"":""1400 rpm"",""Dimensiones (Al x An x Pr)"":""850 x 595 x 533 mm"",""Nivel de ruido (centrifugado)"":""72 dB"",""Consumo de agua (lavado + secado)"":""62 L/ciclo"",""Clase de eficiencia energética (lavado)"":""A"",""Consumo energético (lavado, 100 ciclos)"":""43 kWh"",""Clase de eficiencia energética (lavado + secado)"":""D"",""Consumo energético (lavado + secado, 100 ciclos)"":""266 kWh""}",https://www.electro-domesticos.com/api/img/1789374213704-860377.jpg,"[""https://www.electro-domesticos.com/api/img/1789374213704-860377.jpg"",""https://www.electro-domesticos.com/api/img/1789374213936-951323.jpg"",""https://www.electro-domesticos.com/api/img/1789374214289-643527.jpg"",""https://www.electro-domesticos.com/api/img/1789374214528-427982.jpg"",""https://www.electro-domesticos.com/api/img/1789374214685-157524.jpg"",""https://www.electro-domesticos.com/api/img/1789374214842-469880.jpg""]",https://www.electro-domesticos.com/produit/candy-gwd485sb6-s-lavadora-secadora-8kg-5kg,in_stock,new
9,Cecotec Bolero Hexa C136000 Horno integrable 77L Negro,cecotec-bolero-hexa-c136000-horno-integrable-77l-negro,four-plaque,169,new,5,20,10,Cecotec,8412345600098,02292,"Capacidad XXL de 77 litros con 5 posiciones de bandejas, ideal para cocinar en familia | Steam Base X2: doble zona de vapor con capacidad de hasta 1 L | Steam EasyClean: el vapor afloja la suciedad para una limpieza más sencilla | Steam Assist: combina horneado y vapor para platos crujientes por fuera y jugosos por dentro | Puerta Triple Glass que se mantiene fría al tacto y mejora la eficiencia energética | Cooling Fan: sistema de ventilación que minimiza la condensación y el exceso de calor | Potencia de 2800 W para resultados rápidos en la cocción | Clase energética A, con minutero y luz interior incluidos","El horno integrable Cecotec Bolero Hexa C136000 Glass Black Time combina tecnología avanzada con un diseño elegante en cristal negro. Con una capacidad XXL de 77 litros y 5 posiciones de bandejas, está pensado para cocinar para toda la familia sin renunciar a la eficiencia. Su sistema Steam Base X2 incorpora una doble zona de vapor, que permite tanto la limpieza automática Steam EasyClean como la cocción combinada Steam Assist, ideal para conseguir platos crujientes por fuera y jugosos por dentro. La puerta Triple Glass mantiene la superficie exterior fría al tacto, evitando quemaduras y mejorando la eficiencia energética, mientras que el sistema Cooling Fan reduce la condensación y el exceso de temperatura. Con una potencia de 2800 W y clase energética A, ofrece resultados rápidos y un consumo responsable, incorporando también minutero y luz interior para un control total de la cocción.","{""Marca"":""Cecotec"",""Minutero"":""Sí"",""Potencia"":""2800 W"",""Tensión"":""220-240 V"",""Capacidad"":""77 L"",""Garantía"":""2 años"",""Frecuencia"":""50-60 Hz"",""Tipo de puerta"":""Triple Glass (triple cristal, fría al tacto)"",""Color / acabado"":""Negro (cristal)"",""Sistema de vapor"":""Steam Base X2, Steam Assist, Steam EasyClean"",""Tipo de producto"":""Horno integrable"",""Modelo / referencia"":""Bolero Hexa C136000 Glass Black Time A"",""Número de funciones"":""4"",""Iluminación interior"":""Sí"",""Posiciones de bandeja"":""5"",""Sistema de ventilación"":""Cooling Fan"",""Clase de eficiencia energética"":""A""}",https://www.electro-domesticos.com/api/img/1789373075361-428909.jpg,"[""https://www.electro-domesticos.com/api/img/1789373075361-428909.jpg"",""https://www.electro-domesticos.com/api/img/1789373075638-825498.jpg"",""https://www.electro-domesticos.com/api/img/1789373075916-774621.jpg"",""https://www.electro-domesticos.com/api/img/1789373076243-694753.jpg""]",https://www.electro-domesticos.com/produit/cecotec-bolero-hexa-c136000-horno-integrable-77l-negro,in_stock,new
47,Cecotec Conga M10 X-Treme Robot Aspirador,cecotec-conga-m10-x-treme-robot-aspirador,aspirateur,70,,5,9,10,Cecotec,,A01_EU01_119134,"Función 4 en 1: barre, aspira, friega y pasa la mopa | Navegación giroscópica ordenada para un recorrido eficiente | Autonomía de hasta 120 minutos, cubre hasta 120 m² | Diseño compacto de 300 mm, ideal para espacios estrechos | Sensores anticaídas para mayor seguridad | Doble cepillo lateral para más recogida de polvo en bordes y esquinas | Control de modos y programación desde la app | Depósito de agua y mopa integrados","Robot aspirador y fregona con navegación giroscópica ordenada que limpia cada estancia de forma eficiente. Con 2000 Pa de potencia de succión, barre, aspira, friega y pasa la mopa en un solo recorrido, cubriendo hasta 120 m² con 120 minutos de autonomía. Su diseño compacto de 300 mm de diámetro y solo 80 mm de altura le permite limpiar bajo muebles y en espacios estrechos.","{""Altura"":""80 mm"",""Función"":""Barre, aspira, friega y pasa la mopa"",""Sensores"":""Anticaídas"",""Diámetro"":""300 mm"",""Autonomía"":""120 minutos"",""Navegación"":""Giroscópica ordenada"",""Conectividad"":""App y control remoto"",""Cepillos laterales"":""2"",""Potencia de succión"":""2000 Pa"",""Superficie de limpieza"":""hasta 120 m²""}",https://www.electro-domesticos.com/api/img/1789414560132-579125.jpg,"[""https://www.electro-domesticos.com/api/img/1789414560132-579125.jpg"",""https://www.electro-domesticos.com/api/img/1789414560462-627890.jpg"",""https://www.electro-domesticos.com/api/img/1789414560717-488415.jpg"",""https://www.electro-domesticos.com/api/img/1789414560918-902029.jpg""]",https://www.electro-domesticos.com/produit/cecotec-conga-m10-x-treme-robot-aspirador,in_stock,new
55,Cecotec ProClean 2010 Microondas,cecotec-proclean-2010-microondas,micro-ondes,50,bestseller,5,22,10,Cecotec,8435484015875,01587 / ProClean 2010,"Tecnología 3DWave para un calentamiento uniforme y eficiente | Capacidad de 20 litros en un diseño compacto | 700 W de potencia con 6 niveles ajustables | Modo de descongelación adaptable a cualquier tipo de alimento | Mandos giratorios mecánicos, fáciles de usar | Temporizador de hasta 30 minutos con aviso sonoro | Sin necesidad de instalación previa, listo para usar","Microondas de 20 litros con diseño compacto que se adapta a cualquier cocina, sin grill. Incorpora la tecnología 3DWave, un sistema de ondas eficiente que envuelve al 100% los alimentos para un calentamiento uniforme. Cuenta con 700 W de potencia en 6 niveles, modo de descongelación adaptable a cualquier alimento, mandos giratorios mecánicos y temporizador de hasta 30 minutos con aviso acústico de fin de cocción.","{""Grill"":""No incluido"",""Potencia"":""700 W"",""Capacidad"":""20 litros"",""Controles"":""Mandos giratorios mecánicos"",""Garantía"":""2-3 años (según distribuidor)"",""Temporizador"":""hasta 30 minutos"",""Niveles de potencia"":""6"",""Dimensiones externas"":""44,6 x 37,5 x 24,3 cm"",""Dimensiones internas"":""31,5 x 32 x 19,8 cm"",""Modo descongelación"":""Sí, adaptable"",""Tecnología de calentamiento"":""3DWave""}",https://www.electro-domesticos.com/api/img/1789415776062-479901.jpg,"[""https://www.electro-domesticos.com/api/img/1789415776062-479901.jpg"",""https://www.electro-domesticos.com/api/img/1789415776295-789239.jpg"",""https://www.electro-domesticos.com/api/img/1789415776493-419730.jpg"",""https://www.electro-domesticos.com/api/img/1789415776678-954719.jpg""]",https://www.electro-domesticos.com/produit/cecotec-proclean-2010-microondas,in_stock,new
51,Cecotec ProClean 3040 Mirror Microondas,cecotec-proclean-3040-mirror-microondas,micro-ondes,54,bestseller,5,6,10,Cecotec,8435484015264,01526 / ProClean 3040 Mirror,"Revestimiento Ready2Clean antibacteriano, fácil de limpiar | Tecnología 3DWave para un calentamiento uniforme sin puntos fríos | Capacidad de 20 litros | 700 W de potencia con 6 niveles de funcionamiento | Modo descongelación adaptado a todo tipo de alimentos | Diseño elegante con frontal MirrorDoor efecto espejo | Controles manuales giratorios, fáciles de usar | Temporizador de hasta 30 minutos con aviso sonoro","Microondas de 20 litros de capacidad con revestimiento interior Ready2Clean, antibacteriano y antiadherente, que facilita la limpieza. Diseño negro elegante con frontal MirrorDoor efecto espejo y detalles metalizados. Incorpora la tecnología 3DWave, que envuelve al 100% los alimentos para un calentamiento uniforme sin puntos fríos, con 700 W de potencia en 6 niveles y modo de descongelación eficiente. Controles manuales giratorios y temporizador de hasta 30 minutos con aviso acústico al finalizar.","{""Acabado"":""Negro con puerta efecto espejo (MirrorDoor)"",""Capacidad"":""20 litros"",""Controles"":""Manuales giratorios"",""Dimensiones"":""44,5 x 35,5 x 25,5 cm"",""Temporizador"":""hasta 30 minutos"",""Modo descongelación"":""Sí"",""Revestimiento interior"":""Ready2Clean (antibacteriano)"",""Potencia (input/output)"":""1150 W / 700 W"",""Niveles de funcionamiento"":""6"",""Tecnología de calentamiento"":""3DWave""}",https://www.electro-domesticos.com/api/img/1789415343034-997659.jpg,"[""https://www.electro-domesticos.com/api/img/1789415343034-997659.jpg"",""https://www.electro-domesticos.com/api/img/1789415343360-926437.jpg"",""https://www.electro-domesticos.com/api/img/1789415343555-591172.jpg"",""https://www.electro-domesticos.com/api/img/1789415343741-545478.jpg""]",https://www.electro-domesticos.com/produit/cecotec-proclean-3040-mirror-microondas,in_stock,new
52,Comfee CM-M202CC(BK) Microondas,comfee-cm-m202cc-bk-microondas,micro-ondes,54.99,bestseller,5,6,10,,0696593939379,CM-M202CC(BK),"Tamaño compacto ideal para cocinas pequeñas, estudios o residencias | 20 litros de capacidad, admite platos de hasta 9 pulgadas | 700 W de potencia con 5 niveles de cocción | Función de descongelación rápida | Controles manuales sencillos e intuitivos (dos diales) | Consume un 15% menos de energía que modelos estándar | Carcasa negra resistente a arañazos | Base giratoria de 360°","Microondas compacto de 20 litros con control manual, diseñado para cocinas pequeñas, estudios o residencias universitarias. Con 700 W de potencia y 5 niveles de cocción, incluye función de descongelación rápida. Su carcasa negra duradera y resistente a arañazos, junto con sus dimensiones compactas (440 x 335,9 x 259 mm), le permite encajar bajo armarios mientras admite platos de hasta 9 pulgadas. Consume un 15% menos de energía que los modelos estándar de su categoría.","{""Peso"":""10,25 kg"",""Color"":""Negro"",""Control"":""Manual (diales)"",""Potencia"":""700 W"",""Capacidad"":""20 litros"",""Longitud del cable"":""155 cm"",""Niveles de potencia"":""5"",""Dimensiones externas"":""440 x 335,9 x 259 mm"",""Dimensiones internas"":""306 x 304 x 206 mm"",""Función descongelación"":""Sí, rápida""}",https://www.electro-domesticos.com/api/img/1789415478420-987490.jpg,"[""https://www.electro-domesticos.com/api/img/1789415478420-987490.jpg""]",https://www.electro-domesticos.com/produit/comfee-cm-m202cc-bk-microondas,in_stock,new
56,Comfee CM-M202CC(WH) Microondas Compacto Blanco,comfee-cm-m202cc-wh-microondas-compacto-blanco,micro-ondes,46,bestseller,5,13,10,Comfee,805270516846,CM-M202CC(WH),"Tamaño compacto ideal para cocinas pequeñas, estudios o residencias | 20 litros de capacidad, admite platos de hasta 9 pulgadas | 700 W de potencia con 5 niveles de cocción | Función de descongelación rápida (0-35 min) | Controles manuales sencillos, ideales para estudiantes y personas mayores | Consume un 15% menos de energía que modelos estándar | Interior liso y plato giratorio extraíble, fácil de limpiar | Carcasa blanca resistente a arañazos","Microondas compacto de 20 litros con control manual, diseñado para cocinas pequeñas, apartamentos, estudios o residencias universitarias. Con 700 W de potencia y 5 niveles de cocción, incluye función de descongelación rápida. Su carcasa blanca duradera y resistente a arañazos, junto con sus dimensiones compactas (440 x 335,9 x 259 mm), le permite encajar bajo armarios mientras admite platos de hasta 9 pulgadas. Consume un 15% menos de energía que los modelos estándar de su categoría.","{""Color"":""Blanco"",""Control"":""Manual (diales giratorios)"",""Potencia"":""700 W"",""Capacidad"":""20 litros"",""Plato giratorio"":""Extraíble"",""Niveles de potencia"":""5"",""Dimensiones externas"":""440 x 335,9 x 259 mm"",""Dimensiones internas"":""306 x 304 x 206 mm"",""Función descongelación"":""Sí, rápida (0-35 min)""}",https://www.electro-domesticos.com/api/img/1791211369408-149594.jpg,"[""https://www.electro-domesticos.com/api/img/1791211369408-149594.jpg""]",https://www.electro-domesticos.com/produit/comfee-cm-m202cc-wh-microondas-compacto-blanco,in_stock,new
58,Comfee CMO-M202NC(CM) Microondas Vintage Retro,comfee-cmo-m202nc-cm-microondas-vintage-retro,micro-ondes,47,bestseller,5,10,10,Comfee,694427168906,CMO-M202NC(CM),"Diseño vintage retro elegante en color crema albaricoque | Capacidad compacta de 20 litros, admite platos de hasta 10 pulgadas | 700 W de potencia con 5 niveles de cocción | Temporizador ajustable de 0 a 35 minutos | Controles simples, fáciles de usar | Iluminación interior para vigilar la cocción en tiempo real | Ideal para cocinas pequeñas, estudios, dormitorios, caravanas u oficinas","Microondas de estilo vintage retro con acabado color crema albaricoque, de 20 litros de capacidad, ideal para cocinas pequeñas, dormitorios, estudios, caravanas u oficinas. Cuenta con 700 W de potencia, 5 niveles de cocción, controles simples y sencillos, temporizador ajustable de 0 a 35 minutos y una luz interior brillante que permite vigilar la cocción en tiempo real.","{""Color"":""Crema albaricoque (estilo retro)"",""Potencia"":""700 W"",""Capacidad"":""20 litros"",""Controles"":""Simples/manuales"",""Iluminación"":""Interior"",""Temporizador"":""Ajustable 0-35 minutos"",""Uso recomendado"":""Cocinas pequeñas, estudios, oficinas, caravanas"",""Niveles de potencia"":""5""}",https://www.electro-domesticos.com/api/img/1789416153108-980915.jpg,"[""https://www.electro-domesticos.com/api/img/1789416153108-980915.jpg""]",https://www.electro-domesticos.com/produit/comfee-cmo-m202nc-cm-microondas-vintage-retro,in_stock,new
31,Comfee RCD93WH2 Mini frigorífico 93L Blanco,comfee-rcd93wh2-mini-frigorifico-93l-blanco,refrigerateur,180,,5,20,10,Comfee,6940461937597,RCD93WH2(E),"Diseño compacto tipo table-top, ideal para oficinas, dormitorios o estudios | Capacidad de 93 litros con compartimento congelador integrado | Termostato manual ajustable entre 1°C y 10°C | Baldas extraíbles para una organización flexible del espacio interior | Puerta reversible, instalable a izquierda o derecha según necesidad | Patas delanteras regulables para estabilidad en suelos desnivelados | Funcionamiento silencioso de solo 41 dB | Bajo consumo energético (86-107 kWh/año)","El frigorífico Comfee RCD93WH2(E) es un modelo compacto tipo table-top de 93 litros de capacidad neta, pensado para espacios reducidos como oficinas, dormitorios, estudios o habitaciones de hotel. Cuenta con un pequeño compartimento congelador integrado, ideal para alimentos o bebidas que necesitan un enfriamiento rápido. Su termostato manual es ajustable entre 1°C y 10°C, permitiendo controlar la temperatura interior según las necesidades. Las baldas extraíbles facilitan la organización de productos de distintos tamaños, mientras que la puerta reversible permite instalar la bisagra a la izquierda o a la derecha, según la disposición del espacio disponible. Sus dos patas delanteras regulables garantizan estabilidad y nivelación incluso en suelos irregulares. Con un funcionamiento silencioso de 41 dB y un bajo consumo energético, es una opción práctica y económica para quienes necesitan una solución de refrigeración adicional.","{""Peso"":""21 kg"",""Color"":""Blanco"",""Marca"":""Comfee"",""Patas"":""Regulables"",""Puerta"":""Reversible"",""Capacidad neta"":""93 L"",""Nivel de ruido"":""41 dB"",""Clase climática"":""R600a"",""Tipo de producto"":""Frigorífico compacto tipo table-top"",""Modelo / referencia"":""RCD93WH2(E)"",""Rango de temperatura"":""1°C - 10°C"",""Iluminación interior"":""LED"",""Consumo energético anual"":""86-107 kWh/año (según fuente)"",""Dimensiones (Al x An x Pr)"":""860 x 472 x 450 mm"",""Clase de eficiencia energética"":""E""}",https://www.electro-domesticos.com/api/img/1789382162980-933983.jpg,"[""https://www.electro-domesticos.com/api/img/1789382162980-933983.jpg"",""https://www.electro-domesticos.com/api/img/1789382163495-386595.jpg"",""https://www.electro-domesticos.com/api/img/1789382164067-647270.jpg"",""https://www.electro-domesticos.com/api/img/1789382164350-167033.jpg""]",https://www.electro-domesticos.com/produit/comfee-rcd93wh2-mini-frigorifico-93l-blanco,in_stock,new
24,Comfee TD602E-W Lavavajillas compacto 6 cubiertos,comfee-td602e-w-lavavajillas-compacto-6-cubiertos,lave-vaisselle,215.99,,5,9,10,Comfee,693996261361,KWH-TD602E-W-FR,"Diseño ultra compacto, ideal para cocinas pequeñas o estudios | Consumo de agua muy reducido: solo 6,5 L por ciclo | Capacidad para 6 cubiertos y platos de hasta 250 mm de diámetro | 6 programas de lavado, incluyendo un ciclo rápido de 30 minutos | Inicio diferido de 1 a 24 horas para mayor flexibilidad | Nivel de ruido reducido de 47 dB | Sistema de protección contra fugas de agua | Pantalla LED con indicadores de sal y abrillantador | Instalación sencilla: solo requiere toma de agua y desagüe","El lavavajillas Comfee TD602E-W es un modelo compacto e independiente, ideal para cocinas pequeñas, estudios o pisos donde cada centímetro cuenta. Con capacidad para 6 cubiertos (hasta 67 utensilios) y platos de hasta 250 mm de diámetro, resulta perfecto para 2-3 personas. Destaca por su bajísimo consumo de agua, de tan solo 6,5 litros por ciclo, una quinta parte de lo que se gastaría lavando a mano. Su pantalla LED y panel de control intuitivo facilitan la selección entre sus 6 programas de lavado, incluyendo un ciclo rápido de 30 minutos ideal para momentos de mucha actividad en la cocina. La función de inicio diferido, de 1 a 24 horas, permite programar el lavado en el horario más conveniente o aprovechar tarifas eléctricas más económicas. Su nivel de ruido de 47 dB lo hace especialmente silencioso, y su sistema de protección contra fugas de agua detecta y corta el suministro automáticamente ante cualquier incidencia.","{""Color"":""Blanco"",""Marca"":""Comfee"",""Filtro"":""Antibacteriano"",""Pantalla"":""LED"",""Capacidad"":""6 cubiertos"",""Indicadores"":""Sal y abrillantador"",""Nivel de ruido"":""47 dB"",""Inicio diferido"":""1-24 horas"",""Tipo de producto"":""Lavavajillas compacto independiente"",""Modelo / referencia"":""KWH-TD602E-W-FR (TD602E-W)"",""Número de programas"":""6 (Intensivo, Universal, Eco, Cristal, 90 min, Rápido)"",""Consumo de agua anual"":""1820 L"",""Consumo de agua por ciclo"":""6,5 L"",""Consumo energético anual"":""174 kWh"",""Consumo energético por ciclo"":""0,61 kWh"",""Clase de eficiencia energética"":""A+++ (Clase F según nueva normativa UE)""}",https://www.electro-domesticos.com/api/img/1789377805921-255763.jpg,"[""https://www.electro-domesticos.com/api/img/1789377805921-255763.jpg"",""https://www.electro-domesticos.com/api/img/1789377806246-302208.jpg""]",https://www.electro-domesticos.com/produit/comfee-td602e-w-lavavajillas-compacto-6-cubiertos,in_stock,new
4,Cooksir Horno empotrable 60L + Placa de inducción 4 zonas,cooksir-horno-empotrable-60l-placa-de-induccion-4-zonas,four-plaque,427,,5,9,10,Cooksir,8412345600043,FO-PY71,"Set completo: horno empotrable de 60 L + placa de inducción de 4 focos, mismo formato de 60 cm | Horno con 7 funciones de cocción y mando giratorio para un control sencillo | Placa de inducción con zona flexible que combina dos focos para sartenes u ollas grandes | Calentamiento rápido y eficiente gracias a la tecnología de inducción | Instalación empotrable coordinada para una estética uniforme en la cocina | Superficie de vidrio fácil de limpiar, resistente a manchas y arañazos | Controles táctiles con niveles de potencia ajustables y función de refuerzo (boost) | Incluye enchufe, sin necesidad de instalación eléctrica adicional","Este set de cocina Cooksir combina un horno empotrable de 60 cm con enchufe incluido y una placa de inducción de 4 zonas, también empotrable de 60 cm. El horno ofrece una capacidad de 60 litros y 7 funciones de cocción, controladas mediante un práctico mando giratorio, ideal para hornear, gratinar o asar con resultados uniformes. La placa de inducción incorpora una zona flexible que permite combinar dos focos en una sola superficie ampliada, perfecta para sartenes grandes, planchas o recipientes alargados. Juntos, ambos aparatos forman una solución completa y coordinada para renovar la cocina con un diseño moderno y funcional, combinando eficiencia energética con facilidad de uso y limpieza.","{""Marca"":""Cooksir"",""Seguridad"":""Bloqueo infantil, apagado automático"",""Superficie"":""Vidrio resistente, fácil limpieza"",""Instalación"":""Empotrable, 60 cm"",""Alimentación"":""Con enchufe (prise) incluido"",""Tipo de placa"":""Inducción, 4 zonas"",""Zona flexible"":""Sí (combina 2 focos)"",""Función boost"":""Sí"",""Tipo de producto"":""Set horno empotrable + placa de inducción"",""Control del horno"":""Mando giratorio (bouton rotatif)"",""Potencia del horno"":""2000 W"",""Capacidad del horno"":""60 L"",""Control de la placa"":""Táctil"",""Funciones del horno"":""7""}",https://www.electro-domesticos.com/api/img/1789265772660-25375.jpg,"[""https://www.electro-domesticos.com/api/img/1789265772660-25375.jpg"",""https://www.electro-domesticos.com/api/img/1789265773091-165569.jpg""]",https://www.electro-domesticos.com/produit/cooksir-horno-empotrable-60l-placa-de-induccion-4-zonas,in_stock,new
28,Daan Tech Bob Mini lavavajillas compacto 3 cubiertos,daan-tech-bob-mini-lavavajillas-compacto-3-cubiertos,lave-vaisselle,389.9,,5,13,10,Daan Tech,,Bob,"Primer lavavajillas móvil del mundo: funciona con depósito de agua, sin toma fija | Diseño ultra compacto (34 x 49 x 49 cm), apenas más grande que un microondas | Consumo mínimo de agua: solo 2,9 litros por ciclo exprés (5 veces menos que a mano) | Apertura automática y magnética de la puerta para un secado natural sin energía | Cesta modular: admite platos de hasta 29 cm y hasta 16 vasos/tazas | 6 programas de lavado, incluyendo un ciclo exprés de solo 20 minutos | Fabricado 100% en Francia, con el mejor índice de reparabilidad de su categoría (9,3/10) | Funcionamiento silencioso (43 dB) | Portátil: solo 10 kg de peso, con asas para transportarlo","Bob, de Daan Tech, es el primer mini lavavajillas móvil del mundo, diseñado para funcionar de manera totalmente autónoma sin necesidad de una toma de agua fija gracias a su depósito integrado de 3,9 litros, que se rellena fácilmente por la parte frontal. Con solo 34 cm de ancho, apenas más grande que un microondas, Bob es la solución ideal para optimizar el espacio en cocinas pequeñas: se puede colocar junto al fregadero, sobre cualquier encimera, o encastrar discretamente en un mueble de cocina. Está pensado para la vajilla diaria de 1 a 3 personas y cuenta con un programa exprés que lava en solo 20 minutos. Su cesta modular admite platos de hasta 29 cm de diámetro y hasta 16 vasos o tazas en un solo ciclo. Bob incorpora un sistema de apertura magnética y automática de la puerta al finalizar el ciclo, lo que permite un secado natural sin consumo energético adicional, sin condensación ni malos olores. Fabricado íntegramente en Francia, en su fábrica de Vendée, está diseñado para durar al menos 10 años y presenta el mejor índice de reparabilidad de su categoría (9,3/10).","{""Peso"":""10 kg"",""Marca"":""Daan Tech"",""Capacidad"":""3 cubiertos (platos hasta 29 cm)"",""Garantía"":""Reparable a largo plazo, recompra garantizada hasta 10 años"",""Dimensiones"":""34 cm (ancho) x 49 cm (alto) x 49 cm (fondo)"",""Instalación"":""Encastrable / independiente / portátil"",""Nivel de ruido"":""43 dB"",""Bomba de vaciado"":""Sí (evacúa hasta 1,20 m de altura)"",""Tipo de producto"":""Mini lavavajillas compacto"",""Modelo / referencia"":""Bob"",""Temperatura máxima"":""72°C"",""Número de programas"":""6 (Exprés 20 min, Cotidiano 50 min, Intensivo 91 min, Eco 90 min, Vasos 15 min, Desinfección UV sin agua 20-60 min)"",""Origen de fabricación"":""Francia (Vendée)"",""Índice de reparabilidad"":""9,3/10"",""Consumo energético anual"":""aprox. 198 kWh"",""Depósito de agua integrado"":""3,9 L"",""Consumo energético por ciclo"":""0,35 kWh"",""Consumo de agua (ciclo exprés)"":""2,9 L""}",https://www.electro-domesticos.com/api/img/1789381299690-819895.jpg,"[""https://www.electro-domesticos.com/api/img/1789381299690-819895.jpg"",""https://www.electro-domesticos.com/api/img/1789381300080-197298.jpg""]",https://www.electro-domesticos.com/produit/daan-tech-bob-mini-lavavajillas-compacto-3-cubiertos,in_stock,new
43,Dreame L10s Ultra Gen 3 Robot aspirador y fregador,dreame-l10s-ultra-gen-3-robot-aspirador-y-fregador,aspirateur,279,,5,7,10,Dreame,697851525701,RLL53SE,"Potencia de aspiración Vormax de hasta 25.000 Pa, con 5 niveles ajustables | Motor TurboForce de 6ª generación para un rendimiento superior | Tecnología SideReach + MopExtend RoboSwing: alcanza rincones y bordes sin dejar zonas sin limpiar | Sistema AceClean DryBoard para una limpieza óptima de la mopa | Brosse lateral retráctil, se pliega automáticamente en espacios reducidos | Autolimpieza de la mopa con secado por aire caliente integrado | Control mediante app y comandos de voz | Cobertura completa del suelo sin necesidad de retoques posteriores","El Dreame L10s Ultra Gen 3 es un robot aspirador y fregador de gama alta equipado con un motor TurboForce de sexta generación, capaz de ofrecer una potencia de aspiración Vormax de hasta 25.000 Pa, ideal para eliminar cabellos, pelos de mascotas y restos de arena para gatos con gran eficacia. Cuenta con 5 niveles de aspiración ajustables para adaptarse a distintas necesidades de limpieza. Su tecnología SideReach, combinada con el sistema MopExtend RoboSwing, permite que el robot alcance rincones estrechos, muebles con formas curvas, espacios reducidos y bordes rectos, cubriendo así el suelo por completo sin necesidad de retoques manuales posteriores. Incorpora el innovador sistema AceClean DryBoard, junto con una brosse lateral retráctil, un sistema de autolimpieza de la mopa y secado por aire caliente, todo controlable a través de la app y por comandos de voz. La estación de acoplamiento se encarga del mantenimiento integral del robot, incluyendo el vaciado automático de polvo.","{""Marca"":""Dreame"",""Motor"":""TurboForce 6ª generación"",""Control"":""App + comandos de voz"",""Brosse lateral"":""Retráctil"",""Sistema de mopa"":""AceClean DryBoard, autolimpieza"",""Tipo de producto"":""Robot aspirador y fregador 2 en 1 con estación"",""Secado de la mopa"":""Aire caliente"",""Modelo / referencia"":""RLL53SE (L10s Ultra Gen 3)"",""Accesorios incluidos"":""Brosse latérale, serpillières, sac à poussière, herramienta de limpieza, solución limpiadora"",""Tecnología de bordes"":""SideReach + MopExtend RoboSwing"",""Niveles de aspiración"":""5"",""Potencia de aspiración"":""25.000 Pa (Vormax)"",""Estación de acoplamiento"":""Sí, con vaciado automático de polvo""}",https://www.electro-domesticos.com/api/img/1789412841635-460409.jpg,"[""https://www.electro-domesticos.com/api/img/1789412841635-460409.jpg""]",https://www.electro-domesticos.com/produit/dreame-l10s-ultra-gen-3-robot-aspirador-y-fregador,in_stock,new
63,EasySpeed Mini Picadora Eléctrica Recargable,easyspeed-mini-picadora-electrica-recargable,petit-cuisine,18,eco,5,20,10,EASYSPEED,,,"Funcionamiento totalmente automático, solo hay que pulsar el botón | Carga completa en 2-3 horas mediante USB tipo C | Batería de gran capacidad, no requiere carga frecuente | Diseño compacto y portátil, ideal para camping y picnics | Cuchillas de acero inoxidable resistentes | Uso versátil: ajo, nueces, jengibre, verduras, carne y frutas | Fácil manejo, apto para preparar comidas familiares diarias","Mini picadora eléctrica portátil e inalámbrica con carga USB tipo C, ideal para picar ajo, nueces, jengibre, verduras, carne y frutas. A diferencia de las picadoras tradicionales manuales, funciona de forma completamente automática: basta con pulsar el botón unos segundos para triturar los alimentos. Su tamaño compacto la hace perfecta para camping, picnics o reuniones familiares donde no siempre hay acceso a electricidad.","{""Funciones"":""Picar verduras, carne, ajo, frutas"",""Portabilidad"":""Inalámbrica, recargable"",""Tipo de carga"":""USB Tipo-C"",""Uso recomendado"":""Cocina, camping, hogar"",""Color disponible"":""Azul (también existe en blanco)"",""Material de cuchillas"":""Acero inoxidable"",""Tiempo de carga completa"":""2-3 horas""}",https://www.electro-domesticos.com/api/img/1789416998558-40497.jpg,"[""https://www.electro-domesticos.com/api/img/1789416998558-40497.jpg""]",https://www.electro-domesticos.com/produit/easyspeed-mini-picadora-electrica-recargable,in_stock,new
45,Ecovacs Deebot T50 Omni Gen3 Robot aspirador y fregador,ecovacs-deebot-t50-omni-gen3-robot-aspirador-y-fregador,aspirateur,249,bestseller,5,5,10,Ecovacs,697946377055,T50 OMNI BLACK Gen3,"Diseño ultrafino de 81 mm, ideal para limpiar bajo muebles bajos | Potencia de aspiración de hasta 25.000 Pa | Tecnología TruEdge 2.0: menos de 1 mm de distancia en los bordes, cobertura del 100% | Sistema anti-enredos ZeroTangle 3.0, sin necesidad de limpiar el cepillo | Tecnología AIVI 3D 2.0 para una detección y evitación de obstáculos más precisa | Estación Omni todo en uno con vaciado automático y lavado de mopas a 75°C | Cepillo y mopa extensibles para llegar a rincones y bordes | Elevación automática de la mopa para proteger las alfombras","El Ecovacs Deebot T50 Omni Gen3 es un robot aspirador y fregador de gama alta con un diseño ultrafino de 81 mm, posible gracias a su módulo LiDAR dToF totalmente integrado, lo que le permite deslizarse sin problemas bajo camas, sofás y otros espacios de difícil acceso. Su motor ultrarrápido ofrece una potencia de aspiración de hasta 25.000 Pa, eliminando eficazmente el polvo y la suciedad tanto de suelos duros como de alfombras. La tecnología TruEdge 2.0 garantiza una distancia inferior a 1 mm a lo largo de los bordes, logrando una cobertura del suelo del 100%. Su sistema ZeroTangle 3.0 evita que el pelo y los cabellos se enreden en el cepillo, eliminando la necesidad de limpiarlo manualmente, mientras que su función AIVI 3D 2.0 mejora la detección y evitación de obstáculos. Incorpora una estación Omni todo en uno que realiza el vaciado automático del polvo y el lavado de las mopas con agua caliente a 75°C, ofreciendo un mantenimiento prácticamente autónomo para el usuario.","{""Color"":""Negro"",""Marca"":""Ecovacs"",""Estación"":""Omni todo en uno (vaciado automático + lavado de mopas)"",""Navegación"":""LiDAR dToF integrado"",""Altura del robot"":""81 mm (ultrafino)"",""Tipo de producto"":""Robot aspirador y fregador 2 en 1 con estación"",""Elevación de mopa"":""Automática, hasta 9 mm (protección de alfombras)"",""Modelo / referencia"":""T50 OMNI BLACK Gen3"",""Sistema anti-enredos"":""ZeroTangle 3.0"",""Tecnología de bordes"":""TruEdge 2.0 (menos de 1 mm)"",""Potencia de aspiración"":""25.000 Pa"",""Detección de obstáculos"":""AIVI 3D 2.0"",""Temperatura de lavado de mopas"":""75°C"",""Potencia del ventilador (modo ultra-potente)"":""75 W""}",https://www.electro-domesticos.com/api/img/1789413115396-513151.jpg,"[""https://www.electro-domesticos.com/api/img/1789413115396-513151.jpg""]",https://www.electro-domesticos.com/produit/ecovacs-deebot-t50-omni-gen3-robot-aspirador-y-fregador,in_stock,new
35,FOHERE Mini frigorífico 91L con congelador Blanco,fohere-mini-frigorifico-91l-con-congelador-blanco,refrigerateur,123,,5,7,10,FOHERE,,,"Capacidad de 91 litros con compartimento congelador integrado | Cajón para verduras, ideal para organizar alimentos frescos | Termostato ajustable para un control preciso de la temperatura | Funcionamiento muy silencioso, apto para dormitorios y oficinas | Puerta reversible, instalable a izquierda o derecha | Pies y baldas regulables para mayor flexibilidad de uso | Diseño compacto de una sola puerta, ideal para espacios reducidos","El mini frigorífico FOHERE de 91 litros es un modelo de una sola puerta pensado para espacios reducidos como oficinas, dormitorios, residencias de estudiantes o apartamentos pequeños. Incorpora un pequeño compartimento congelador integrado y un cajón para verduras, permitiendo organizar tanto alimentos frescos como productos congelados en un único aparato compacto. Su termostato es ajustable, lo que facilita regular la temperatura interior según las necesidades del usuario, mientras que su funcionamiento silencioso lo hace apto incluso para habitaciones o dormitorios. La puerta reversible permite adaptar la apertura a izquierda o derecha según la disposición del espacio disponible, y sus pies y baldas regulables aportan mayor flexibilidad de instalación y organización. Su acabado en blanco resulta discreto y se adapta fácilmente a cualquier entorno.","{""Pies"":""Regulables"",""Color"":""Blanco"",""Marca"":""FOHERE"",""Baldas"":""Regulables"",""Puerta"":""Reversible"",""Capacidad"":""91 L"",""Termostato"":""Ajustable (manual)"",""Nivel de ruido"":""Silencioso (funcionamiento discreto)"",""Tipo de producto"":""Mini frigorífico con congelador"",""Cajón de verduras"":""Sí"",""Número de puertas"":""1""}",https://www.electro-domesticos.com/api/img/1789411567485-175031.jpg,"[""https://www.electro-domesticos.com/api/img/1789411567485-175031.jpg"",""https://www.electro-domesticos.com/api/img/1789411567801-680351.jpg"",""https://www.electro-domesticos.com/api/img/1789411568050-674013.jpg""]",https://www.electro-domesticos.com/produit/fohere-mini-frigorifico-91l-con-congelador-blanco,in_stock,new
65,Fullstar Pro Core Coupe Légumes 6-en-1,fullstar-pro-core-coupe-legumes-6-en-1,petit-cuisine,30,eco,5,15,10,Fullstar,,,"6 cuchillas de acero inoxidable 420J ultra afiladas | Multifuncional: dados, juliana, rallado, cortes finos y gruesos | Recipiente incluido de 1,2 L para recoger los alimentos | Protector de dedos para un uso seguro | Cepillo de limpieza incluido | Construcción robusta en plástico ABS extra duro, resistente a grietas | Apto para lavavajillas, fácil de limpiar | Excelente relación calidad-precio","Cortador de verduras multifuncional y mandolina que ofrece rendimiento profesional a un precio asequible. Incluye 6 cuchillas de acero inoxidable 420J, un cepillo de limpieza, un protector de dedos y un recipiente de 1,2 L para una preparación de comidas rápida, segura y eficaz. Permite cortar en dados fino y medio, rallar, picar grueso, hacer juliana y cortar en rodajas: ideal para patatas, tomates, cebollas, queso y mucho más. Su construcción en plástico ABS extra duro resiste el uso intensivo sin agrietarse.","{""Color"":""Blanco"",""Incluye"":""Cepillo de limpieza, protector de dedos"",""Material del cuerpo"":""Plástico ABS extra duro"",""Número de cuchillas"":""6"",""Apto para lavavajillas"":""Sí"",""Capacidad del recipiente"":""1,2 L"",""Material de las cuchillas"":""Acero inoxidable 420J""}",https://www.electro-domesticos.com/api/img/1789417174999-871545.jpg,"[""https://www.electro-domesticos.com/api/img/1789417174999-871545.jpg""]",https://www.electro-domesticos.com/produit/fullstar-pro-core-coupe-legumes-6-en-1,in_stock,new
74,GSD 20-650 Máquina de Pasta,gsd-20-650-maquina-de-pasta,petit-cuisine,249,new,5,9,10,GSD,,20-650,"Motor eléctrico, sin manivela manual | Se coloca directamente sobre cualquier superficie plana (no requiere fijación con tornillo) | 6 grosores de laminado diferentes | Incluye accesorio para tallarines (laminado y corte) | Permite hacer pasta extra fina de forma sencilla | Uso individual (una sola persona puede operarla) | Construcción robusta en acero inoxidable | Diseño compacto","Máquina eléctrica para hacer pasta fresca GSD 20-650, fabricada en acero inoxidable, en acabado multicolor. Con motor eléctrico que elimina la necesidad de manivela manual, permite laminar y cortar la masa de forma autónoma, sin necesidad de fijarla a una mesa. Ideal para preparar pasta fresca casera de manera regular.","{""Color"":""Multicolor"",""Material"":""Acero inoxidable"",""Funciones"":""Laminado y corte de tallarines"",""Dimensiones"":""23 x 28 x 27 cm"",""Tipo de motor"":""Eléctrico"",""Uso recomendado"":""Doméstico (no intensivo; el motor puede calentarse con uso prolongado)"",""Grosores de laminado"":""6 niveles diferentes"",""Fecha de lanzamiento en Amazon.fr"":""9 de noviembre de 2010""}",https://www.electro-domesticos.com/api/img/1790157253119-750091.jpg,"[""https://www.electro-domesticos.com/api/img/1790157253119-750091.jpg"",""https://www.electro-domesticos.com/api/img/1790157253417-336679.jpg"",""https://www.electro-domesticos.com/api/img/1790157253685-240861.jpg"",""https://www.electro-domesticos.com/api/img/1790157253934-56126.jpg"",""https://www.electro-domesticos.com/api/img/1790157254134-774635.jpg"",""https://www.electro-domesticos.com/api/img/1790157254329-993858.jpg"",""https://www.electro-domesticos.com/api/img/1790157254543-643424.jpg"",""https://www.electro-domesticos.com/api/img/1790157254805-880646.jpg""]",https://www.electro-domesticos.com/produit/gsd-20-650-maquina-de-pasta,in_stock,new
37,Gorenje RI4092AW Frigorífico integrable A++ Blanco,gorenje-ri4092aw-frigorifico-integrable-a-blanco,refrigerateur,288,new,5,8,10,Gorenje,3838942726804,RI4092AW,"Diseño totalmente integrable, ideal para encastrar en muebles de cocina | Clase de eficiencia energética A++, con bajo consumo eléctrico | Descongelación totalmente automática, sin necesidad de mantenimiento manual | 4 baldas de vidrio, varias de ellas regulables en altura | 2 compartimentos para verduras y 1 para productos lácteos | Capacidad de 142 litros, ideal para 1-2 personas | Acabado metálico en blanco, discreto y elegante","El frigorífico Gorenje RI4092AW es un modelo totalmente integrable, diseñado para encastrarse discretamente en muebles de cocina de 88 cm de altura. Con una capacidad neta de 142 litros, resulta ideal para personas solas o parejas que buscan un electrodoméstico compacto pero funcional. Su clase de eficiencia energética A++ garantiza un consumo reducido, mientras que su sistema de descongelación totalmente automático evita la formación de escarcha, ahorrando tiempo en el mantenimiento diario. El interior incorpora baldas de vidrio, con varias de ellas regulables en altura, además de compartimentos específicos para verduras y productos lácteos, permitiendo una organización eficiente del espacio disponible. Su acabado metálico en blanco y su instalación integrable lo convierten en una opción discreta y elegante para cualquier cocina moderna.","{""Color"":""Blanco"",""Marca"":""Gorenje"",""Dimensiones"":""88 cm (alto) x 56 cm (ancho) x 55 cm (fondo)"",""Instalación"":""Encastrable / integrable"",""Capacidad neta"":""142 L"",""Tipo de producto"":""Frigorífico compacto integrable"",""Número de baldas"":""4 (de vidrio, algunas regulables en altura)"",""Modelo / referencia"":""RI4092AW"",""Material del acabado"":""Metal"",""Compartimentos especiales"":""2 para verduras, 1 para lácteos"",""Sistema de descongelación"":""Automático (frigorífico)"",""Clase de eficiencia energética"":""A++""}",https://www.electro-domesticos.com/api/img/1789411843492-138891.jpg,"[""https://www.electro-domesticos.com/api/img/1789411843492-138891.jpg""]",https://www.electro-domesticos.com/produit/gorenje-ri4092aw-frigorifico-integrable-a-blanco,in_stock,new
27,Hisense HV642A65 Lavavajillas integrable 14 cubiertos,hisense-hv642a65-lavavajillas-integrable-14-cubiertos,lave-vaisselle,350,,5,12,10,Hisense,,HV642A65,"Diseño totalmente integrable de 60 cm, se adapta a cualquier estilo de cocina | Capacidad para 14 cubiertos, ideal para familias de tamaño medio | Funcionamiento silencioso de solo 43 dB | Apertura automática de la puerta al finalizar el ciclo para un mejor secado | Sistema AquaStop de protección contra fugas de agua | Bajo consumo de agua: solo 8,9 L por ciclo | Panel de control con teclas sensitivas, fácil de usar","El lavavajillas Hisense HV642A65 es un modelo totalmente integrable de 60 cm de ancho, con capacidad para 14 cubiertos, pensado para adaptarse a cocinas modernas manteniendo un funcionamiento silencioso de tan solo 43 dB. Su panel de control con teclas sensitivas facilita la selección de programas, mientras que la función de apertura automática de la puerta al finalizar el ciclo mejora el secado natural de la vajilla. Incorpora el sistema AquaStop, que protege el hogar frente a posibles fugas de agua durante el funcionamiento. Con un consumo de solo 8,9 litros de agua por ciclo, este modelo combina eficiencia y cuidado del medio ambiente sin renunciar a un lavado eficaz para familias de tamaño medio.","{""Color"":""Gris (acabado interior)"",""Marca"":""Hisense"",""Capacidad"":""14 cubiertos"",""Instalación"":""Encastrable / integrable"",""Nivel de ruido"":""43 dB"",""Tipo de control"":""Teclas sensitivas"",""Tipo de producto"":""Lavavajillas totalmente integrable"",""Sistema antifugas"":""AquaStop"",""Modelo / referencia"":""HV642A65"",""Consumo de agua por ciclo"":""8,9 L"",""Dimensiones (Al x An x Pr)"":""816 x 598 x 555 mm"",""Apertura automática de puerta"":""Sí""}",https://www.electro-domesticos.com/api/img/1789378922978-772849.jpg,"[""https://www.electro-domesticos.com/api/img/1789378922978-772849.jpg"",""https://www.electro-domesticos.com/api/img/1789378923364-821105.jpg"",""https://www.electro-domesticos.com/api/img/1789378923679-178083.jpg"",""https://www.electro-domesticos.com/api/img/1789378923979-896502.jpg""]",https://www.electro-domesticos.com/produit/hisense-hv642a65-lavavajillas-integrable-14-cubiertos,in_stock,new
1,Horno de convección Tristar con,horno-de-conveccion-tristar-con-2-placas-calefactoras-capaci,four-plaque,80.9,bestseller,3.4,15,30,Tristar,8711658523842,OV-3670,"Horno compacto con temporizador integrado y piloto luminoso para un control sencillo | Función de calor tornante (convección) para una distribución uniforme y resultados homogéneos | Gran capacidad de 35 L, ideal para pizzas, tartas, gratinados y platos familiares | Dos placas de cocción integradas (1000 W y 700 W) para mayor flexibilidad culinaria | Temperatura máxima de 230 °C para gratinar, asar y cocinar con eficacia | Accesorios incluidos: rejilla y asa para un uso y mantenimiento más seguros | Dimensiones compactas y peso ligero, fácil de integrar en cocinas pequeñas | Potencia total de hasta 3200 W para un rendimiento de cocción rápido y constante","l Tristar OV-3670 combina un amplio horno de convección con 2 placas de cocción, permitiendo hornear, cocinar y mantener los platos calientes al mismo tiempo en un solo aparato compacto. Con una capacidad de 35 litros, el horno ofrece espacio para gratinados, pasteles o asados, mientras que las placas preparan guarniciones, salsas u otros acompañamientos. Su potencia de hasta 3200 W garantiza un calentamiento rápido y una distribución uniforme del calor. Cuenta con luz interior, puerta de doble cristal, función grill y temporizador práctico para facilitar el control durante la cocción. Su estructura de acero y diseño compacto lo hacen ideal para cocinas pequeñas, estudios, residencias de estudiantes o como electrodoméstico adicional.","{""Color"":""Negro"",""Marca"":""Tristar"",""Material"":""Acero"",""Peso neto"":""11,6 kg"",""Fabricante"":""Tristar Europe B.V."",""Potencia total"":""3200 W"",""Tipo de mandos"":""Mecánicos"",""Rejilla incluida"":""Sí"",""Capacidad del horno"":""35 L"",""Modelo / referencia"":""OV-3670"",""Función convección"":""Sí"",""Rango de temperatura"":""90 - 230 °C"",""Iluminación interior"":""Sí"",""Potencia de las placas"":""1000 W + 700 W"",""Rango del temporizador"":""0-60 min"",""Puerta de doble cristal"":""Sí"",""Garantía del fabricante"":""2 años"",""Función mantener caliente"":""Sí"",""Bandeja de cocción incluida"":""Sí""}",https://www.electro-domesticos.com/api/img/1789246086761-350177.jpg,"[""https://www.electro-domesticos.com/api/img/1789246086761-350177.jpg"",""https://www.electro-domesticos.com/api/img/1789246087156-67836.jpg"",""https://www.electro-domesticos.com/api/img/1789246087484-555568.jpg"",""https://www.electro-domesticos.com/api/img/1789246087790-804074.jpg"",""https://www.electro-domesticos.com/api/img/1789246088076-806974.jpg"",""https://www.electro-domesticos.com/api/img/1789246088475-812506.jpg""]",https://www.electro-domesticos.com/produit/horno-de-conveccion-tristar-con-2-placas-calefactoras-capaci,in_stock,new
26,IsEasy Mini lavavajillas de sobremesa 3 cubiertos,iseasy-mini-lavavajillas-de-sobremesa-3-cubiertos,lave-vaisselle,180,new,5,7,10,IsEasy,,,"Diseño ultra compacto (43 x 42,5 x 46 cm), ideal para espacios reducidos | Doble modo de suministro de agua: depósito de 5 L o conexión directa al grifo | Instalación sin fontanería, apto para apartamentos, estudios o autocaravanas | 7 programas de lavado, incluyendo Estándar, Rápido, Intensivo, Eco, Fruta, Autolimpieza y Cristal | Secado por aire caliente de 60 minutos con ventilación de 72 horas | Panel de control táctil con pantalla LED | Función de inicio diferido y seguridad infantil incluidas | Capacidad para más de 30 piezas de vajilla por carga","Este mini lavavajillas de sobremesa IsEasy está diseñado para espacios reducidos como estudios, apartamentos, habitaciones de estudiantes, autocaravanas o caravanas. Ofrece dos modos de suministro de agua: modo depósito, con un tanque incorporado de 5 litros que se llena manualmente mediante el embudo incluido, y modo grifo, que permite conectarlo directamente al grifo de la cocina sin necesidad de instalación fija. Con unas dimensiones compactas de 43 x 42,5 x 46 cm, su interior aprovecha al máximo el espacio, permitiendo lavar más de 30 piezas por carga, incluyendo 3 cubiertos completos y platos de hasta 26 cm de diámetro. Incorpora secado por aire caliente de 60 minutos, seguido automáticamente de 72 horas de ventilación para garantizar una vajilla limpia, seca y sin olores. Cuenta con 7 programas de lavado adaptados a distintas necesidades, desde ciclos rápidos hasta intensivos, además de funciones adicionales como inicio diferido, seguridad infantil y modo autolimpieza.","{""Marca"":""IsEasy"",""Secado"":""Aire caliente 60 min + ventilación 72h"",""Pantalla"":""LED táctil"",""Tensión"":""230 V"",""Capacidad"":""3 cubiertos"",""Dimensiones"":""43 cm (ancho) x 42,5 cm (fondo) x 46 cm (alto)"",""Cesta de platos"":""Sí, con cesta de cubiertos"",""Tipo de producto"":""Lavavajillas de sobremesa (mini/compacto)"",""Suministro de agua"":""Depósito de 5 L o conexión a grifo"",""Número de programas"":""7 (Estándar 69 min, Rápido 29 min, Intensivo 89 min, Eco 88 min, Fruta 19 min, Autolimpieza 79 min, Cristal 50 min)"",""Funciones adicionales"":""Inicio diferido, seguridad infantil, secado"",""Diámetro máximo de plato"":""26 cm""}",https://www.electro-domesticos.com/api/img/1789378469196-889110.jpg,"[""https://www.electro-domesticos.com/api/img/1789378469196-889110.jpg""]",https://www.electro-domesticos.com/produit/iseasy-mini-lavavajillas-de-sobremesa-3-cubiertos,in_stock,new
72,Kenwood Chef XL KVL4110S,kenwood-chef-xl-kvl4110s,petit-cuisine,190,new,4.8,7,10,Kenwood,5011423191539,KVL4110S,"Potencia de 1200 W | Bol de acero inoxidable de gran capacidad (6,7 L) | Blender de plástico incluido (1,7 L) | Kit pastelería metálico: batidor K, varilla batidora y gancho amasador | Movimiento planetario de mezclado | Control electrónico de velocidad con función Pulse | Protector antisalpicaduras con abertura para añadir ingredientes | Compatible con más de 25 accesorios opcionales","Robot pastelero multifunción Kenwood Chef XL KVL4110S, de 1200 W, con bol de acero inoxidable de 6,7 L y batidora (blender) de 1,7 L incluida. Cuenta con kit de pastelería metálico (batidor K, varilla y gancho amasador) y movimiento planetario de mezclado, ideal para pan, pizza, bizcochos, merengues y más.","{""Peso"":""10,4 kg"",""Color"":""Plata (Silver)"",""Potencia"":""1200 W"",""Velocidad"":""Variable, con función Pulse"",""Dimensiones"":""38,5 x 28 x 34,5 cm (An x Prof x Alt)"",""Capacidad del bol"":""6,7 L (acero inoxidable)"",""Material del cuerpo"":""Metal"",""Accesorios incluidos"":""Batidor K, varilla, gancho amasador, blender"",""Capacidad del blender"":""1,7 L""}",https://www.electro-domesticos.com/api/img/1790156712034-660514.jpg,"[""https://www.electro-domesticos.com/api/img/1790156712034-660514.jpg"",""https://www.electro-domesticos.com/api/img/1790156712464-709420.jpg"",""https://www.electro-domesticos.com/api/img/1790156712869-3217.jpg"",""https://www.electro-domesticos.com/api/img/1790156713035-266135.jpg"",""https://www.electro-domesticos.com/api/img/1790156713177-990525.jpg""]",https://www.electro-domesticos.com/produit/kenwood-chef-xl-kvl4110s,in_stock,new
73,KitchenAid Artisan 5KMT2204EBK,kitchenaid-artisan-5kmt2204ebk,petit-cuisine,100,new,4.1,9,10,KitchenAid,5413184124236,5KMT2204EBK,"Sensor automático que introduce y expulsa el pan | 7 niveles de tueste con temporizador LED | Función de mantenimiento en caliente | Ranuras extra anchas para todo tipo de panes | Función especial para bagels | Incluye soporte para sándwiches (apto para lavavajillas) | Función de descongelación | Construcción en metal fundido a presión, diseño retro | 5 años de garantía","Tostadora automática KitchenAid Artisan de 2 ranuras, en negro trufa (acabado hierro fundido). Cuenta con sensor automático que detecta e introduce el pan, ranuras extra anchas y 7 niveles de tueste controlados por temporizador LED. Mantiene el pan caliente tras el tostado e incluye soporte para sándwiches y función especial para panecillos y bagels.","{""Peso"":""5 kg"",""Color"":""Negro trufa (Cast Iron Black)"",""Voltaje"":""220-240 V"",""Material"":""Metal fundido (aluminio)"",""Potencia"":""1250 W"",""Dimensiones"":""34,8 x 18 x 22,6 cm (Prof x An x Alt)"",""Niveles de tueste"":""7"",""Número de ranuras"":""2"",""Bandeja recogemigas"":""Extraíble"",""Accesorios incluidos"":""Soporte para sándwiches, pinza para tostadas""}",https://www.electro-domesticos.com/api/img/1790156923052-727273.jpg,"[""https://www.electro-domesticos.com/api/img/1790156923052-727273.jpg"",""https://www.electro-domesticos.com/api/img/1790156923500-11706.jpg"",""https://www.electro-domesticos.com/api/img/1790156923761-32172.jpg"",""https://www.electro-domesticos.com/api/img/1790156923999-863319.jpg"",""https://www.electro-domesticos.com/api/img/1790156924179-247534.jpg"",""https://www.electro-domesticos.com/api/img/1790156924448-910104.jpg"",""https://www.electro-domesticos.com/api/img/1790156924643-5661.jpg""]",https://www.electro-domesticos.com/produit/kitchenaid-artisan-5kmt2204ebk,in_stock,new
17,LG F94N14SLS Lavadora 9kg 1400rpm Smart Inverter,lg-f94n14sls-lavadora-9kg-1400rpm-smart-inverter,lave-linge,499.71,,5,0,10,LG,8806096161746,F94N14SLS,"Capacidad de 9 kg, ideal para el uso familiar diario | Motor de inducción Smart Inverter, económico y silencioso | Tecnología de vapor Steam con ciclo antialergias (elimina hasta el 99,9% de ácaros y pólenes) | Velocidad de centrifugado ajustable hasta 1400 rpm | Bandeja superior extraíble para reducir 3 cm de altura e instalar bajo encimera | Pesaje electrónico automático de la carga | Tambor de acero inoxidable de 56 litros | Clase de eficiencia energética A | Pantalla digital con indicación de tiempo restante y mensajes de error","La lavadora LG F94N14SLS es un modelo de carga frontal con una capacidad de 9 kg, pensado para ofrecer un lavado eficaz y económico en el día a día. Su motor de inducción Smart Inverter garantiza un funcionamiento silencioso y de bajo consumo, cuidando el tejido en cada ciclo. Incorpora la tecnología de vapor Steam, que activa un ciclo antialergias capaz de eliminar hasta el 99,9 % de ácaros y pólenes, ideal para pieles sensibles. Su tambor de acero inoxidable de 56 litros ofrece amplia capacidad, mientras que la bandeja superior extraíble permite reducir su altura en 3 cm, facilitando la instalación bajo encimera. Con una velocidad de centrifugado ajustable de hasta 1400 rpm y clase de eficiencia energética A, este modelo combina rendimiento, comodidad y respeto por el consumo de recursos.","{""Marca"":""LG"",""Motor"":""Inducción Smart Inverter"",""Instalación"":""Independiente (pose libre)"",""Función vapor"":""Steam™ (ciclo antialergias)"",""Bandeja superior"":""Extraíble"",""Tipo de producto"":""Lavadora de carga frontal"",""Volumen del tambor"":""56 L"",""Capacidad de lavado"":""9 kg"",""Material del tambor"":""Acero inoxidable"",""Modelo / referencia"":""F94N14SLS"",""Pesaje electrónico"":""Sí"",""Índice de durabilidad"":""7,4/10"",""Consumo de agua por ciclo"":""50 L"",""Duración ciclo Eco 40-60"":""3h48min"",""Velocidad de centrifugado"":""Variable, hasta 1400 rpm (400/600/800/1000/1200/1400)"",""Eficiencia de centrifugado"":""B"",""Nivel de ruido (centrifugado)"":""74 dB"",""Clase de eficiencia energética"":""A"",""Consumo energético (100 ciclos)"":""49 kWh""}",https://www.electro-domesticos.com/api/img/1789374346433-928022.jpg,"[""https://www.electro-domesticos.com/api/img/1789374346433-928022.jpg"",""https://www.electro-domesticos.com/api/img/1789374346710-466055.jpg"",""https://www.electro-domesticos.com/api/img/1789374346836-376436.jpg"",""https://www.electro-domesticos.com/api/img/1789374347053-492797.jpg""]",https://www.electro-domesticos.com/produit/lg-f94n14sls-lavadora-9kg-1400rpm-smart-inverter,in_stock,new
41,Lefant M2 Robot aspirador y fregador 5500Pa,lefant-m2-robot-aspirador-y-fregador-5500pa,aspirateur,88,,5,14,10,Lefant,,M2,"Aspiración potente de 5500 Pa para una limpieza profunda de suelos y alfombras | Navegación láser dToF con cartografía precisa de día y de noche | Mapeo en 3 niveles con planificación inteligente de rutas de limpieza | Tecnología de evitación de obstáculos PSD | Funciones anticaídas y anticolisión para mayor seguridad | Gran autonomía de hasta 240 minutos | Función de fregado integrada, ideal para suelos duros | Control mediante app, Alexa o WiFi | Limpieza personalizada por zonas y programación de horarios","El robot aspirador y fregador Lefant M2 combina una potente aspiración de 5500 Pa con navegación láser dToF avanzada, capaz de cartografiar el hogar con precisión tanto de día como de noche. Gracias a su sistema de mapeo en 3 niveles, planifica de forma inteligente las rutas de limpieza, evitando repeticiones u olvidos y garantizando una cobertura completa de cada estancia. Incorpora la tecnología de evitación de obstáculos PSD, que le permite detectar y esquivar objetos en su camino, además de funciones anticaídas y anticolisión para un funcionamiento seguro en cualquier tipo de hogar. Con una autonomía de hasta 240 minutos, es capaz de limpiar grandes superficies sin necesidad de recargas frecuentes, adaptándose tanto a suelos duros como a alfombras y moquetas. Su control se realiza cómodamente a través de la app móvil, Alexa o WiFi, permitiendo programar limpiezas personalizadas por zonas o habitaciones.","{""Marca"":""Lefant"",""Autonomía"":""Hasta 240 minutos"",""Navegación"":""Láser dToF con cartografía"",""Conectividad"":""WiFi, App, Alexa"",""Tipo de producto"":""Robot aspirador y fregador 2 en 1"",""Modelo / referencia"":""M2"",""Funciones de seguridad"":""Anticaídas, anticolisión"",""Niveles de cartografía"":""3 (multi-nivel)"",""Potencia de aspiración"":""5500 Pa"",""Evitación de obstáculos"":""Tecnología PSD"",""Tipos de suelo compatibles"":""Suelos duros, alfombras, moquetas""}",https://www.electro-domesticos.com/api/img/1789412519953-783400.jpg,"[""https://www.electro-domesticos.com/api/img/1789412519953-783400.jpg""]",https://www.electro-domesticos.com/produit/lefant-m2-robot-aspirador-y-fregador-5500pa,in_stock,new
49,Lefant M210P Robot Aspirador Mini,lefant-m210p-robot-aspirador-mini,aspirateur,159,bestseller,5,20,10,Lefant,,M210P,"Succión de 2200 Pa con detección automática de alfombras | Diseño ultracompacto: 28 cm de diámetro y solo 7,8 cm de altura | 6 modos de limpieza (automático, zigzag, bordes, punto fijo, programado) | 13 sensores de alta sensibilidad, evita colisiones y caídas | Depósito de polvo grande de 500 ml | Funcionamiento silencioso, 55 dB | Conexión rápida WiFi + Bluetooth en 6 segundos | Compatible con control por voz Alexa y Google Home | Recarga automática a la base al finalizar o con batería baja","Mini robot aspirador ultradelgado de 2200 Pa de succión, con detección inteligente de alfombras que aumenta automáticamente la potencia hasta 2200 Pa para eliminar el pelo de mascotas incrustado. Con solo 28 cm de diámetro y 7,8 cm de altura, se desliza fácilmente bajo camas, sofás y muebles. Cuenta con 6 modos de limpieza, 13 sensores de alta sensibilidad para evitar colisiones y caídas, control por app Lefant, WiFi, Bluetooth y compatibilidad con Alexa y Google Home.","{""Color"":""Champagne"",""Recarga"":""Automática a base de carga"",""Sensores"":""13 de alta sensibilidad"",""Autonomía"":""120 minutos"",""Dimensiones"":""28 x 28 x 7,8 cm"",""Conectividad"":""WiFi, Bluetooth, App Lefant, Alexa, Google Home"",""Nivel de ruido"":""55 dB"",""Modos de limpieza"":""6"",""Potencia de succión"":""2200 Pa"",""Capacidad del depósito de polvo"":""500 ml""}",https://www.electro-domesticos.com/api/img/1789414793295-91359.jpg,"[""https://www.electro-domesticos.com/api/img/1789414793295-91359.jpg""]",https://www.electro-domesticos.com/produit/lefant-m210p-robot-aspirador-mini,in_stock,new
71,Lifenaxx Master Chef LX-050,lifenaxx-master-chef-lx-050,petit-cuisine,380,new,4.5,14,10,Lifenaxx,4260358128924,LX-050,"Pantalla táctil TFT de 7 pulgadas | Conectividad WiFi con app TuYa | Más de 400 recetas preinstaladas, con actualizaciones online | 11 programas de cocción + programa configurable, más programa de pelado/estilizado de verduras | Báscula integrada para pesar directamente en el recipiente | Función sous-vide y fermentación | 2 programas de limpieza | Recipiente de acero inoxidable de 3 L, apto para lavavajillas","Robot de cocina inteligente Lifenaxx Master Chef LX-050, multifunción para cocinar, freír, cocer al vapor, amasar, mezclar, remover, picar, moler, hacer puré y emulsionar. Cuenta con recipiente de acero inoxidable de 3 L, control WiFi y app, pantalla táctil TFT de 7 pulgadas y báscula integrada. Ideal para sopas, salsas, smoothies, verduras, carne, pasta, pescado, mermeladas, masas y mucho más.","{""Timer"":""Hasta 12 horas"",""Pantalla"":""Táctil TFT de 7 pulgadas"",""Velocidades"":""10 niveles (60-7000 rpm)"",""Conectividad"":""WiFi (app TuYa)"",""Potencia total"":""1700 W (1000 W cocción, 700 W mezclado)"",""Báscula integrada"":""5 g a 5 kg (incrementos de 1 g)"",""Rango de temperatura"":""37-180 °C (incrementos de 1 °C)"",""Programas automáticos"":""15"",""Capacidad del recipiente"":""3 L (acero inoxidable)""}",https://www.electro-domesticos.com/api/img/1790156466690-732839.jpg,"[""https://www.electro-domesticos.com/api/img/1790156466690-732839.jpg""]",https://www.electro-domesticos.com/produit/lifenaxx-master-chef-lx-050,in_stock,new
75,Magimix Mini Plus 18260F,magimix-mini-plus-18260f,petit-cuisine,230,new,4.6,12,10,Magimix,3519280182605,18260F,"Motor profesional asíncrono, ultra silencioso, garantizado 30 años | 2 cubetas en 1: grande (1,7 L) y mini (0,5 L) | Fabricado íntegramente en Francia | Accesorios en acero inoxidable Sabatier, fabricados en Thiers | Sin BPA en cubetas y tapa | Pies antideslizantes y sistema de seguridad en la tapa | Diseño compacto, ideal para espacios pequeños | Incluye más de 70 recetas","Robot de cocina multifunción Magimix Mini Plus, en acabado cromo mate, con motor profesional de 400 W. Cuenta con dos cubetas en un solo cuerpo: una grande de 1,7 L para todo tipo de preparaciones y una mini de 0,5 L para pequeñas cantidades. Permite mezclar, rallar, cortar en rodajas, batir, emulsionar, picar, amasar y exprimir cítricos. Fabricado íntegramente en Francia.","{""Peso"":""4,4 kg"",""Color"":""Cromo mate"",""Potencia"":""400 W"",""Dimensiones"":""15,5 x 37 x 21 cm (An x Alt x Prof)"",""Longitud del cable"":""1 m"",""Garantía del motor"":""30 años"",""Lugar de fabricación"":""Francia"",""Material de la cubeta"":""Plástico sin BPA"",""Material de accesorios"":""Acero inoxidable Sabatier"",""Número de velocidades"":""1"",""Capacidad de la mini cubeta"":""0,5 L"",""Capacidad de la cubeta grande"":""1,7 L""}",https://www.electro-domesticos.com/api/img/1790157418823-554279.jpg,"[""https://www.electro-domesticos.com/api/img/1790157418823-554279.jpg"",""https://www.electro-domesticos.com/api/img/1790157419230-129612.jpg"",""https://www.electro-domesticos.com/api/img/1790157419625-263872.jpg"",""https://www.electro-domesticos.com/api/img/1790157419969-118989.jpg""]",https://www.electro-domesticos.com/produit/magimix-mini-plus-18260f,in_stock,new
60,Medion MD10596 Microondas Efecto Madera,medion-md10596-microondas-efecto-madera,micro-ondes,55,bestseller,5,18,10,MEDION,4061275212389,MD10596,"Diseño elegante en blanco con efecto madera y puerta espejo | 700 W de potencia para calentar y descongelar rápidamente | 5 niveles de potencia ajustables | Función de descongelación integrada | Control sencillo mediante mando giratorio | Plato giratorio de cristal de 25,5 cm incluido | Interior liso y lacado, fácil de limpiar | Formato compacto, apto para cocinas pequeñas o grandes","Microondas de 20 litros con acabado blanco y efecto madera, puerta con efecto espejo que le da un aspecto elegante y moderno. Con 700 W de potencia, permite calentar o descongelar alimentos congelados o fríos rápidamente. Cuenta con 5 niveles de potencia ajustables mediante mando giratorio y función de descongelación integrada. Incluye plato giratorio de cristal de 25,5 cm de diámetro.","{""Color"":""Blanco con efecto madera, puerta espejo"",""Control"":""Mando giratorio mecánico"",""Potencia"":""700 W"",""Capacidad"":""20 litros"",""Instalación"":""Libre (sobremesa)"",""Plato giratorio"":""25,5 cm (cristal)"",""Material interior"":""Cristal/lacado"",""Niveles de potencia"":""5"",""Función descongelación"":""Sí""}",https://www.electro-domesticos.com/api/img/1789416408907-841922.jpg,"[""https://www.electro-domesticos.com/api/img/1789416408907-841922.jpg""]",https://www.electro-domesticos.com/produit/medion-md10596-microondas-efecto-madera,in_stock,new
68,Moulinex Clickchef HF456810,moulinex-clickchef-hf456810,petit-cuisine,320,new,4,13,10,Moulinex,3016661158056,HF456810,"5 programas automáticos + modo manual | 32 funciones: emulsionar, batir, mezclar, picar, amasar, cocer al vapor, etc. | Báscula de cocina integrada | Regulación de temperatura de 30 a 120 °C (por tramos de 5 °C) | Bol de acero inoxidable de 3,6 L, ideal para 4 personas | Accesorios compatibles con lavavajillas (excepto el bol) | Incluye libro de 200 recetas | Diseño compacto para cocinas con poco espacio","Robot de cocina multifunción compacto Moulinex Clickchef, de 1400 W, con bol de acero inoxidable de 3,6 L (capacidad útil de 2 L). Incluye 5 programas automáticos (sopa, repostería, cocción lenta, salsa, cocción al vapor) y un modo manual con 32 funciones (emulsionar, batir, mezclar, picar, amasar, cocer al vapor, etc.). Cuenta con báscula de cocina integrada y accesorios compatibles con lavavajillas.","{""Color"":""Negro"",""Potencia"":""1400 W"",""Funciones"":""32"",""Temperatura"":""30-120 °C"",""Material del bol"":""Acero inoxidable"",""Capacidad del bol"":""3,6 L (capacidad útil: 2 L)"",""Pantalla de control"":""En inglés"",""Accesorios incluidos"":""Cuchilla universal, batidor, mezclador, cesta de vapor"",""Programas automáticos"":""5"",""Compatibilidad lavavajillas"":""Sí (excepto el bol)""}",https://www.electro-domesticos.com/api/img/1790150430750-482896.jpg,"[""https://www.electro-domesticos.com/api/img/1790150430750-482896.jpg"",""https://www.electro-domesticos.com/api/img/1790150431149-310224.jpg"",""https://www.electro-domesticos.com/api/img/1790150431440-148363.jpg"",""https://www.electro-domesticos.com/api/img/1790150431671-548664.jpg"",""https://www.electro-domesticos.com/api/img/1790150431997-392148.jpg"",""https://www.electro-domesticos.com/api/img/1790150432232-2275.jpg"",""https://www.electro-domesticos.com/api/img/1790150432562-946086.jpg"",""https://www.electro-domesticos.com/api/img/1790150432666-817179.jpg"",""https://www.electro-domesticos.com/api/img/1790150432945-315752.jpg"",""https://www.electro-domesticos.com/api/img/1790150433226-449915.jpg""]",https://www.electro-domesticos.com/produit/moulinex-clickchef-hf456810,in_stock,new
67,Moulinex Companion Pro Air Fryer,moulinex-companion-pro-air-fryer,petit-cuisine,500,new,4,8,10,Moulinex,,YY5828FG,"Cocina, cuece al vapor y fríe al aire en un único bol | Balanza integrada para pesar ingredientes directamente | Bol de gran capacidad XL (6,5 L) | Robot particularmente silencioso | Múltiples modos automáticos + modo manual | Fabricado en Francia (Mayenne) | Compromiso de reparabilidad durante 15 años | Aplicación gratuita Moulinex con recetas ilimitadas","Robot de cocina multifunción de alta gama Moulinex Companion Pro con extensión Air Fryer integrada. Permite cocinar, cocer al vapor, batir, amasar, picar y freír al aire en el mismo bol de gran capacidad. Cuenta con balanza incorporada para pesar los ingredientes directamente, sin necesidad de accesorios adicionales. Fabricado en Francia.","{""Aplicación"":""My Moulinex (gratuita)"",""Fabricación"":""Francia (Mayenne)"",""Balanza integrada"":""Sí"",""Capacidad del bol"":""6,5 L"",""Función air fryer"":""Sí (extensión integrada)"",""Modos automáticos"":""15-16 (según variante) + modo manual"",""Garantía de reparabilidad"":""15 años"",""Compatibilidad de accesorios"":""Gama Companion (batidor, amasador, cesta de vapor, etc.)""}",https://www.electro-domesticos.com/api/img/1790149851330-942228.jpg,"[""https://www.electro-domesticos.com/api/img/1790149851330-942228.jpg""]",https://www.electro-domesticos.com/produit/moulinex-companion-pro-air-fryer,in_stock,new
70,Ninja Artisan MO201AMZEU,ninja-artisan-mo201amzeu,petit-cuisine,240,new,3.7,12,10,Ninja,,MO201AMZEU,"Pizza de 30 cm lista en unos 3 minutos, sin necesidad de girarla | Temperatura de hasta 370 °C | 4 modos de cocción: Pizza, Bake, Air Fry, Prove | 5 menús de pizza: Artisan, Thin Crust, New York, Pan/Chicago, Custom | Ventana de visualización con luz interior para vigilar la cocción | Funcionamiento sin llama, control eléctrico total | Uso en exterior (terraza, balcón, jardín) | Incluye piedra para pizza de 30 cm, pala, bandeja, cesta y tabla de servir","Horno de pizza eléctrico y freidora de aire de exterior Ninja Artisan, edición verde exclusiva. Cocina pizzas de 30 cm en aproximadamente 3 minutos sin necesidad de girarlas, alcanzando hasta 370 °C. Ofrece 4 modos de cocción (Pizza, Bake, Air Fry y Prove) y 5 ajustes específicos para pizza (Artisan, Thin Crust, New York, Pan/Chicago y Custom). Funciona sin llama, con calor eléctrico y control digital de temperatura.","{""Uso"":""Exterior únicamente"",""Color"":""Verde (edición exclusiva)"",""Modos"":""Pizza, Bake, Air Fry, Prove"",""Potencia"":""1760 W (según modelo base MO201EU)"",""Menús de pizza"":""5 (Artisan, Thin Crust, New York, Pan/Chicago, Custom)"",""Temperatura máxima"":""370 °C"",""Accesorios incluidos"":""Piedra para pizza, pala perforada, bandeja de horno, cesta para air fry, tabla de servir, cuchillo para pizza"",""Diámetro máximo de pizza"":""30 cm"",""Tiempo de cocción de pizza"":""~3 minutos""}",https://www.electro-domesticos.com/api/img/1790151702900-469664.jpg,"[""https://www.electro-domesticos.com/api/img/1790151702900-469664.jpg""]",https://www.electro-domesticos.com/produit/ninja-artisan-mo201amzeu,in_stock,new
64,Princess Pizza Maker 115007,princess-pizza-maker-115007,petit-cuisine,40,eco,5,14,10,Princess,8712836991972,115007,"Función multifuncional: pizza maker y grill de mesa en uno | Termostato ajustable hasta 200°C para cocción perfecta | Apertura a 180° para uso como grill de mesa | Amplia superficie de cocción de 32 cm de diámetro | Diseño sin BPA, seguro para toda la familia | Asas de tacto frío (cool-touch) para mayor seguridad | Pies antideslizantes para estabilidad en cualquier superficie | Superficie antiadherente, fácil de limpiar","Máquina para pizza multifuncional con una superficie de cocción de 32 cm de diámetro, ideal para preparar pizzas caseras. Cuenta con termostato ajustable hasta 200°C para lograr el punto exacto de cocción, ya sea crujiente o esponjosa. Puede abrirse hasta 180° para transformarse en un grill de mesa, perfecto para cocinar carnes, verduras y mucho más. Su diseño está fabricado sin BPA y con asas de tacto frío para un uso seguro.","{""Asas"":""Aisladas térmicamente (cool-touch)"",""Pies"":""Antideslizantes"",""Apertura"":""Hasta 180° (función grill)"",""Material"":""Sin BPA"",""Termostato"":""Ajustable"",""Revestimiento"":""Antiadherente"",""Temperatura máxima"":""200°C"",""Diámetro de cocción"":""32 cm""}",https://www.electro-domesticos.com/api/img/1789417079242-143602.jpg,"[""https://www.electro-domesticos.com/api/img/1789417079242-143602.jpg""]",https://www.electro-domesticos.com/produit/princess-pizza-maker-115007,in_stock,new
54,SMETA Microondas Compacto 20L Blanco,smeta-microondas-compacto-20l-blanco,micro-ondes,35,bestseller,5,8,10,SMETA,,,"Calentamiento ultraeficiente y preciso con 700 W de potencia | 5 niveles de potencia para adaptar la cocción según el alimento | Doble modo de descongelación: por peso y por tiempo | Calentamiento giratorio a 360° para una cocción uniforme | Uso simple y práctico con temporizador mecánico | Tamaño compacto de 20 litros, ideal para espacios pequeños | Diseño en acabado blanco, apto para uso diario","Microondas compacto de 20 litros sin grill, con revestimiento interior y 700 W de potencia. Ofrece 5 niveles de potencia y calentamiento giratorio a 360° para una cocción uniforme. Incluye doble modo de descongelación (por peso y por tiempo) y un temporizador mecánico sencillo de hasta 35 minutos, ideal para uso doméstico de personas solas, parejas o familias pequeñas.","{""Color"":""Blanco"",""Grill"":""No incluido"",""Potencia"":""700 W"",""Capacidad"":""20 litros"",""Temporizador"":""Hasta 35 minutos (mecánico)"",""Calentamiento"":""Giratorio 360°"",""Niveles de potencia"":""5"",""Función descongelación"":""Doble modo (peso/tiempo)""}",https://www.electro-domesticos.com/api/img/1789415663401-2595.jpg,"[""https://www.electro-domesticos.com/api/img/1789415663401-2595.jpg""]",https://www.electro-domesticos.com/produit/smeta-microondas-compacto-20l-blanco,in_stock,new
33,Samsung RF50C530ES9 Frigorífico multipuertas 495L Inox,samsung-rf50c530es9-frigorifico-multipuertas-495l-inox,refrigerateur,1460,,5,8,10,Samsung,8806095154961,RF50C530ES9/EF,"Gran capacidad total de 495 L (330 L frigorífico + 165 L congelador) | Tecnología Twin Cooling Plus: circuitos de refrigeración independientes | Compresor Digital Inverter con garantía de hasta 20 años | Dispensador de agua integrado en la puerta, sin necesidad de instalación compleja | Fábrica de hielo automática en el congelador (requiere conexión de agua) | Conectividad Wi-Fi con SmartThings para control remoto | Sistema No Frost total, tanto en frigorífico como en congelador | 2 cajones deslizantes en el congelador con función de congelación rápida | Acabado Inox Platinum resistente a huellas dactilares | Alarma sonora de puerta abierta y controles electrónicos internos","El frigorífico Samsung RF50C530ES9 es un modelo multipuertas de gran capacidad (495 litros en total, 330 L para el frigorífico y 165 L para el congelador), diseñado con un exterior minimalista de acabado Inox Platinum que se integra fácilmente en cualquier cocina moderna. Incorpora la tecnología Twin Cooling Plus, que mantiene circuitos de refrigeración independientes para el frigorífico y el congelador, preservando un nivel de humedad óptimo y prolongando la frescura de los alimentos. El compresor Digital Inverter ajusta automáticamente su velocidad según las necesidades de refrigeración, ofreciendo eficiencia energética y una garantía específica de hasta 20 años. Cuenta con un dispensador de agua integrado en la puerta y una fábrica de hielo automática en el congelador, además de conectividad Wi-Fi mediante SmartThings para controlar el aparato desde el smartphone. Su interior con iluminación LED, cajones deslizantes y función de congelación rápida completan un equipo pensado para familias que buscan gran capacidad sin renunciar a la tecnología.","{""Marca"":""Samsung"",""Compresor"":""Digital Inverter"",""Peso neto"":""102,5 kg"",""Autonomía"":""12 horas"",""Conectividad"":""Wi-Fi (SmartThings)"",""Tipo de frío"":""No Frost total (frigorífico y congelador)"",""Volumen total"":""495 L"",""Nivel de ruido"":""40 dB"",""Color / acabado"":""Inox Platinum"",""Clase climática"":""SN-ST"",""Tipo de producto"":""Frigorífico multipuertas (3 puertas)"",""Fábrica de hielo"":""Automática"",""Dispensador de agua"":""Sí, con depósito integrado"",""Modelo / referencia"":""RF50C530ES9/EF"",""Clase de nivel sonoro"":""C"",""Origen de fabricación"":""Tailandia"",""Volumen del congelador"":""165 L"",""Volumen del frigorífico"":""330 L"",""Capacidad de congelación"":""8 kg/24h"",""Consumo energético anual"":""301 kWh/año"",""Dimensiones (Al x An x Pr)"":""177,6 x 81,7 x 71,5 cm"",""Clase de eficiencia energética"":""E""}",https://www.electro-domesticos.com/api/img/1789405429692-728627.jpg,"[""https://www.electro-domesticos.com/api/img/1789405429692-728627.jpg"",""https://www.electro-domesticos.com/api/img/1789405429941-412378.jpg"",""https://www.electro-domesticos.com/api/img/1789405430130-439829.jpg"",""https://www.electro-domesticos.com/api/img/1789405430486-434097.jpg""]",https://www.electro-domesticos.com/produit/samsung-rf50c530es9-frigorifico-multipuertas-495l-inox,in_stock,new
19,Samsung WW80CGC04DTH Lavadora Ecobubble 8kg,samsung-ww80cgc04dth-lavadora-ecobubble-8kg,lave-linge,425.1,new,5,8,10,Samsung,8806095210421,WW80CGC04DTHEF,"Tecnología Ecobubble: lava en frío con la misma eficacia que a 40°C | Motor Digital Inverter: silencioso, duradero y de bajo consumo energético | Conectividad SmartThings (Wi-Fi) con programas descargables adicionales | Programa especial Microplásticos, desarrollado con Ocean Wise Plastics Lab y Patagonia | Tambor de acero inoxidable 2nd Diamond de 61 litros | Puerta de cristal templado, resistente y duradera | Velocidad de centrifugado ajustable de hasta 1400 rpm | Panel de control inteligente con pantalla LED | Función de añadir ropa durante el ciclo","La lavadora Samsung WW80CGC04DTH, de la serie Ecobubble, es un modelo de carga frontal con una capacidad de 8 kg, ideal para hogares que buscan un lavado eficaz combinado con ahorro energético. Su tecnología Ecobubble genera espuma que penetra las fibras textiles desde el inicio del ciclo, permitiendo lavar en frío con la misma eficacia que a 40°C. El motor Digital Inverter garantiza un funcionamiento silencioso, duradero y de bajo consumo, mientras que la conectividad SmartThings (Wi-Fi) permite controlar la lavadora y descargar programas adicionales, como ciclos para vaqueros, ropa deportiva, camisas o prendas de bebé. Incorpora un programa especial de Microplásticos, desarrollado junto a Ocean Wise Plastics Lab y Patagonia, que ayuda a reducir la liberación de microfibras al medio ambiente. Su tambor de acero inoxidable 2nd Diamond de 61 litros y su puerta de cristal templado ofrecen resistencia y durabilidad a largo plazo.","{""Color"":""Blanco"",""Marca"":""Samsung"",""Motor"":""Digital Inverter"",""Tecnología"":""Ecobubble"",""Conectividad"":""SmartThings (Wi-Fi)"",""Instalación"":""Independiente (pose libre)"",""Tipo de producto"":""Lavadora de carga frontal"",""Volumen del tambor"":""61 L"",""Capacidad de lavado"":""8 kg"",""Material del tambor"":""Acero inoxidable (2nd Diamond)"",""Modelo / referencia"":""WW80CGC04DTHEF"",""Origen de fabricación"":""Polonia"",""Consumo de agua por ciclo"":""48 L"",""Velocidad de centrifugado"":""Variable, hasta 1400 rpm"",""Dimensiones (Al x An x Pr)"":""850 x 600 x 635 mm"",""Nivel de ruido (centrifugado)"":""72 dB"",""Clase de eficiencia energética"":""A"",""Consumo energético (100 ciclos)"":""47 kWh"",""Clase de eficiencia de centrifugado"":""B""}",https://www.electro-domesticos.com/api/img/1789374925303-242570.jpg,"[""https://www.electro-domesticos.com/api/img/1789374925303-242570.jpg"",""https://www.electro-domesticos.com/api/img/1789374925490-842795.jpg"",""https://www.electro-domesticos.com/api/img/1789374925623-265567.jpg""]",https://www.electro-domesticos.com/produit/samsung-ww80cgc04dth-lavadora-ecobubble-8kg,in_stock,new
34,Sharp SJ-F800SPSL Frigorífico americano 605L Inox,sharp-sj-f800spsl-frigorifico-americano-605l-inox,refrigerateur,700,,5,17,10,Sharp,,SJ-F800SP-SL,"Diseño de 4 puertas sin separación interior, con estantes de 73 cm de ancho | Gran capacidad total: 605 L (394 L frigorífico + 211 L congelador) | Sistema de frío ventilado Hybrid Cooling de nueva generación | Tratamiento antibacteriano activo Plasmacluster | Filtro Honeycomb anti-olores para mantener los alimentos frescos | 2 cajones congeladores con expulsor de hielo | Iluminación interior con 37 LED para una visibilidad completa | Clase energética A+, hasta un 25% más eficiente que la clase A | Acabado en acero inoxidable cepillado, resistente a las huellas","El frigorífico americano Sharp SJ-F800SP-SL es un modelo de 4 puertas sin separación interior, lo que permite alojar bandejas y recipientes especialmente anchos gracias a sus estantes de 73 cm de ancho. Con una capacidad neta total de 605 litros (394 L en el frigorífico y 211 L en el congelador), ofrece un espacio de almacenamiento muy generoso para familias numerosas. Incorpora el sistema de frío ventilado Hybrid Cooling de nueva generación, que garantiza una temperatura uniforme y reduce la formación de escarcha. El tratamiento antibacteriano activo Plasmacluster y el filtro Honeycomb anti-olores ayudan a mantener los alimentos frescos por más tiempo. Su compartimento congelador de 4 estrellas incluye 2 cajones con expulsor de hielo, mientras que la iluminación interior de 37 LED garantiza una visibilidad óptima en toda la cavidad. Su acabado en acero inoxidable cepillado resistente a las huellas completa un diseño elegante y funcional para cocinas amplias.","{""Marca"":""Sharp"",""Peso neto"":""110-114 kg"",""Autonomía"":""10,7 - 11 horas"",""Tipo de frío"":""Ventilado total (Hybrid Cooling)"",""Nivel de ruido"":""38 dB"",""Color / acabado"":""Inox cepillado antihuellas"",""Clase climática"":""ST"",""Tipo de producto"":""Frigorífico americano (4 puertas)"",""Volumen neto total"":""605 L"",""Fluido refrigerante"":""R600a"",""Modelo / referencia"":""SJ-F800SP-SL"",""Iluminación interior"":""LED (37 diodos)"",""Volumen del congelador"":""211 L"",""Volumen del frigorífico"":""394 L"",""Capacidad de congelación"":""8-9,5 kg/24h"",""Consumo energético anual"":""460 kWh/año"",""Dimensiones (Al x An x Pr)"":""1830 x 890 x 770 mm"",""Clase de eficiencia energética"":""A+""}",https://www.electro-domesticos.com/api/img/1789411441017-796937.jpg,"[""https://www.electro-domesticos.com/api/img/1789411441017-796937.jpg""]",https://www.electro-domesticos.com/produit/sharp-sj-f800spsl-frigorifico-americano-605l-inox,in_stock,new
38,Siemens KI52FAD30 Frigorífico integrable 204L A++,siemens-ki52fad30-frigorifico-integrable-204l-a,refrigerateur,350,new,5,4,10,Siemens,4242003644225,KI52FAD30,"Diseño totalmente integrable, con puerta reversible y cierre suave softClose | Clase de eficiencia energética A++, con bajo consumo eléctrico | Control TouchControl con teclas sensitivas y pantalla digital | Interruptor de superrefrigeración para enfriar rápidamente los alimentos | Autonomía de hasta 13 horas en caso de corte de electricidad | Funcionamiento muy silencioso: solo 37-38 dB | Compartimento congelador integrado, situado en la parte superior | Iluminación interior LED","El frigorífico Siemens KI52FAD30 es un modelo integrable de una sola puerta, con una capacidad neta total de 204 litros (189 L para el frigorífico y 15 L para el pequeño compartimento congelador). Su control TouchControl, situado en la parte frontal, incorpora teclas sensitivas y una pantalla digital para una regulación electrónica precisa de la temperatura, además de un interruptor de superrefrigeración para enfriar rápidamente grandes cantidades de alimentos. La puerta es reversible, pudiendo instalarse a izquierda o derecha según las necesidades de la cocina, y cuenta con cierre suave ""softClose"" para evitar golpes. Con una clase de eficiencia energética A++ y un funcionamiento silencioso de apenas 37-38 dB, este modelo resulta ideal para integrarse discretamente en cualquier cocina moderna, ofreciendo una autonomía de hasta 13 horas en caso de corte de electricidad.","{""Marca"":""Siemens"",""Autonomía"":""13 horas"",""Instalación"":""Integrable"",""Nivel de ruido"":""37-38 dB"",""Clase climática"":""SN-ST"",""Tipo de producto"":""Frigorífico integrable con compartimento congelador"",""Bisagra de puerta"":""Derecha (reversible)"",""Longitud del cable"":""2,3 m"",""Modelo / referencia"":""KI52FAD30"",""Capacidad neta total"":""204 L"",""Capacidad bruta total"":""217 L"",""Iluminación interior"":""LED"",""Origen de fabricación"":""Europa"",""Capacidad de congelación"":""2,5 kg/24h"",""Consumo energético anual"":""196 kWh"",""Dimensiones (Al x An x Pr)"":""139,7 x 55,8 x 54,5 cm"",""Capacidad neta del congelador"":""15 L"",""Capacidad neta del frigorífico"":""130-189 L (según fuente)"",""Clase de eficiencia energética"":""A++"",""Disponibilidad de piezas de repuesto"":""10 años"",""Rango de temperatura del frigorífico"":""4°C - 8°C""}",https://www.electro-domesticos.com/api/img/1789411994840-541173.jpg,"[""https://www.electro-domesticos.com/api/img/1789411994840-541173.jpg"",""https://www.electro-domesticos.com/api/img/1789411995287-287850.jpg"",""https://www.electro-domesticos.com/api/img/1789411995488-584140.jpg"",""https://www.electro-domesticos.com/api/img/1789411995702-286897.jpg""]",https://www.electro-domesticos.com/produit/siemens-ki52fad30-frigorifico-integrable-204l-a,in_stock,new
22,Siemens SN25L280EU Lavavajillas 13 cubiertos,siemens-sn25l280eu-lavavajillas-13-cubiertos,lave-vaisselle,529,,5,0,10,Siemens,4242003611173,SN25L280EU,"Motor iQ Drive para un lavado eficiente y duradero | Sistema Auto 3in1: detecta automáticamente el tipo de detergente y ajusta el programa | Cajón dosificador maxiPerformance para una disolución óptima del detergente | Clase de eficiencia energética A+++, con bajo consumo eléctrico anual (262 kWh) | Nivel de ruido reducido de solo 46 dB | Cestas VarioFlex para una colocación flexible de platos y utensilios | Cesto superior regulable en altura (rackMatic) | Cajón superior tiroirLuxe especial para cubiertos | Inicio diferido de 1 a 24 horas | Función VarioSpeed que reduce el tiempo de lavado a la mitad","El lavavajillas Siemens SN25L280EU es un modelo independiente con capacidad para 13 cubiertos, pensado para ofrecer un lavado eficaz y silencioso en el día a día. Su motor iQ Drive garantiza un rendimiento fiable, mientras que el sistema Auto 3in1 detecta automáticamente el tipo de detergente utilizado (pastilla, polvo o gel) y ajusta el programa en consecuencia. El cajón dosificador maxiPerformance permite que la pastilla se disuelva de forma óptima gracias a un chorro de agua dirigido, asegurando una distribución perfecta del detergente. Su clase de eficiencia energética A+++ y su bajo nivel de ruido de 46 dB lo convierten en una opción eficiente y discreta. Cuenta con cestas VarioFlex para una colocación flexible de la vajilla, cesto superior regulable en altura y un cajón superior tiroirLuxe especial para cubiertos, ofreciendo así máxima comodidad y organización.","{""Marca"":""Siemens"",""Motor"":""iQ Drive"",""Filtro"":""Autolimpiable"",""Capacidad"":""13 cubiertos"",""Instalación"":""Independiente (pose libre)"",""Cesto inferior"":""VarioFlex"",""Cesto superior"":""VarioFlex, regulable en altura (rackMatic)"",""Nivel de ruido"":""46 dB"",""Inicio diferido"":""1-24 horas"",""Tipo de producto"":""Lavavajillas independiente"",""Ablandador de agua"":""Regeneración electrónica"",""Cajón de cubiertos"":""tiroirLuxe superior"",""Modelo / referencia"":""SN25L280EU"",""Temperatura máxima"":""70°C"",""Número de programas"":""5 (Intensivo 70°C, Auto 45-65°C, Eco 50°C, Intensivo Smart 45°C, Rápido)"",""Consumo de agua anual"":""2800 L"",""Consumo eléctrico anual"":""262 kWh"",""Clase de eficiencia de secado"":""A"",""Consumo de agua (programa Eco)"":""10 L/ciclo"",""Clase de eficiencia energética"":""A+++ (A++ según algunas fuentes)"",""Consumo eléctrico (programa Eco)"":""0,92 kWh""}",https://www.electro-domesticos.com/api/img/1789378256211-58961.jpg,"[""https://www.electro-domesticos.com/api/img/1789378256211-58961.jpg"",""https://www.electro-domesticos.com/api/img/1789378256414-46771.jpg"",""https://www.electro-domesticos.com/api/img/1789378256531-122970.jpg""]",https://www.electro-domesticos.com/produit/siemens-sn25l280eu-lavavajillas-13-cubiertos,in_stock,new
53,Toshiba MW2-MG20P(BK) Microondas Grill,toshiba-mw2-mg20p-bk-microondas-grill,micro-ondes,84.99,,5,0,10,Toshiba,694427167194,MW2-MG20P(BK),"Función 3 en 1: grill, descongelación y recalentado | Cocción combinada: recalienta y dora simultáneamente | Grill potente de 1000 W para acabados crujientes | 700 W de potencia de microondas con 5 niveles ajustables | Capacidad de 20 litros, compacto para cualquier cocina | Iluminación LED interior para vigilar la cocción | Plato giratorio de cristal de 255 mm | Descongelación fácil por peso o tiempo | Garantía de fabricante de 2 años","Microondas 3 en 1 de 20 litros que combina las funciones de grill, descongelación y recalentado para una cocción eficaz y delicada. Cuenta con 700 W de potencia de microondas y 1000 W de potencia de grill, 5 niveles de potencia ajustables, iluminación LED interior y plato giratorio de cristal de 255 mm. Su función de cocción combinada permite recalentar los platos mientras se doran, aportando el calor y el crujiente de la cocción tradicional.","{""Color"":""Negro"",""Capacidad"":""20 litros"",""Iluminación"":""LED interior"",""Potencia grill"":""1000 W"",""Plato giratorio"":""255 mm (cristal)"",""Niveles de potencia"":""5"",""Potencia microondas"":""700 W"",""Dimensiones externas"":""440 x 334 x 259 mm"",""Dimensiones internas"":""306 x 304 x 206 mm"",""Función descongelación"":""Sí (por peso/tiempo)""}",https://www.electro-domesticos.com/api/img/1789415566010-535289.jpg,"[""https://www.electro-domesticos.com/api/img/1789415566010-535289.jpg""]",https://www.electro-domesticos.com/produit/toshiba-mw2-mg20p-bk-microondas-grill,in_stock,new
59,Toshiba MW2-MM20P(BK) Microondas Estándar,toshiba-mw2-mm20p-bk-microondas-estandar,micro-ondes,56,bestseller,5,7,10,Toshiba,6944271671931,MW2-MM20P(BK),"Diseño moderno e intemporal, apto para cualquier cocina | 700 W de potencia con 5 niveles ajustables | Descongelación práctica por peso o por tiempo | Iluminación LED interior eficiente y duradera | Dos botones táctiles suaves, panel de control fácil de leer | Pies antideslizantes y plato giratorio estable | Marca líder: 94% de valoraciones positivas de más de 1000 clientes","Microondas estándar de 20 litros con diseño moderno e intemporal que se adapta a diferentes tipos de cocina. Cuenta con 700 W de potencia, 5 niveles de potencia y una función práctica de descongelación por peso o tiempo. Incorpora iluminación LED interior eficiente y duradera que ofrece una gran claridad dentro de la cavidad durante el funcionamiento.","{""Color"":""Negro"",""Potencia"":""700 W"",""Capacidad"":""20 litros"",""Iluminación"":""LED interior"",""Plato giratorio"":""255 mm"",""Niveles de potencia"":""5"",""Dimensiones externas"":""440 x 357 x 259 mm"",""Dimensiones internas"":""306 x 304 x 206 mm"",""Función descongelación"":""Por peso o tiempo""}",https://www.electro-domesticos.com/api/img/1789416323883-289165.jpg,"[""https://www.electro-domesticos.com/api/img/1789416323883-289165.jpg""]",https://www.electro-domesticos.com/produit/toshiba-mw2-mm20p-bk-microondas-estandar,in_stock,new
57,Toshiba MW3-EM20PE(BM) Microondas con Menús Automáticos,toshiba-mw3-em20pe-bm-microondas-con-menus-automaticos,micro-ondes,84,,5,14,10,Toshiba,,MW3-EM20PE(BM),6 menús automáticos preconfigurados para mayor comodidad | 800 W de potencia para un calentamiento rápido | Iluminación LED interior brillante | Descongelación fácil | Capacidad de 20 litros | Diseño elegante y contemporáneo en negro | Plato giratorio incluido,"Microondas de 20 litros con diseño elegante y contemporáneo, equipado con 6 menús automáticos preconfigurados para simplificar el día a día. Cuenta con 800 W de potencia, luminosa iluminación LED interior y función de descongelación fácil. Su color negro le da un toque moderno a cualquier cocina.","{""Color"":""Negro"",""Potencia"":""800 W"",""Capacidad"":""20 litros"",""Iluminación"":""LED interior brillante"",""Instalación"":""Libre (sobre encimera)"",""Menús automáticos"":""6"",""Función descongelación"":""Fácil""}",https://www.electro-domesticos.com/api/img/1789416046716-514237.jpg,"[""https://www.electro-domesticos.com/api/img/1789416046716-514237.jpg"",""https://www.electro-domesticos.com/api/img/1789416046989-74096.jpg""]",https://www.electro-domesticos.com/produit/toshiba-mw3-em20pe-bm-microondas-con-menus-automaticos,in_stock,new
66,Ufesa TotalChef RK6,ufesa-totalchef-rk6,petit-cuisine,359.99,new,5,13,10,Ufesa,8422160062070,RK6,"Motor de hasta 1200W con 30 funciones automáticas | Pantalla digital táctil de 7"" con conectividad WiFi | Recetario interactivo actualizable y ampliable | Jarra de acero inoxidable de 3,5 L, apta para lavavajillas | Báscula integrada hasta 5 kg con función tara | 15 programas automáticos (arroz, vapor, amasado, etc.) | Función inversa para remover sin cortar los ingredientes | Incluye accesorios: cesta con asa, espátula, mariposa batidora y accesorio de vapor","Robot de cocina multifunción inteligente Ufesa TotalChef RK6, con motor de hasta 1200W y 30 funciones automáticas (cocinar, sofreír, hervir, amasar, triturar hielo, emulsionar, cocer al vapor, entre otras). Cuenta con pantalla digital táctil de 7 pulgadas, conectividad WiFi para acceder a recetas interactivas guiadas paso a paso, jarra de acero inoxidable de 3,5 L de capacidad máxima, apta para lavavajillas, y báscula integrada.","{""Pantalla"":""Digital táctil de 7 pulgadas"",""Potencia"":""1200 W"",""Funciones"":""30"",""Velocidad"":""1-10 niveles"",""Temperatura"":""30-120 °C"",""Conectividad"":""WiFi"",""Temporizador"":""Hasta 99 minutos"",""Báscula integrada"":""Hasta 5 kg"",""Material de la jarra"":""Acero inoxidable"",""Capacidad de la jarra"":""3,5 L"",""Apta para lavavajillas"":""Sí (jarra)"",""Programas automáticos"":""15""}",https://www.electro-domesticos.com/api/img/1790149126494-220397.jpg,"[""https://www.electro-domesticos.com/api/img/1790149126494-220397.jpg"",""https://www.electro-domesticos.com/api/img/1790149126813-786704.jpg"",""https://www.electro-domesticos.com/api/img/1790149126998-538943.jpg"",""https://www.electro-domesticos.com/api/img/1790149127160-54.jpg"",""https://www.electro-domesticos.com/api/img/1790149127319-631059.jpg"",""https://www.electro-domesticos.com/api/img/1790149127474-500891.jpg""]",https://www.electro-domesticos.com/produit/ufesa-totalchef-rk6,in_stock,new
36,Upstreman CR85 Mini frigorífico 85L,upstreman-cr85-mini-frigorifico-85l,refrigerateur,122,new,5,9,10,Upstreman,,CR85,"Capacidad de 85 litros, ideal para oficinas, dormitorios o pequeños espacios | Termostato ajustable en 5 niveles, con rango de 0°C a 12°C | Compartimento de enfriamiento rápido para bebidas | Funcionamiento muy silencioso: solo 39 dB | Bajo consumo energético anual: apenas 84 kWh | Iluminación LED integrada para una visibilidad óptima | Disposición interior flexible: balda extraíble y bandeja de verduras | Puerta reversible, adaptable a izquierda o derecha | Pies regulables para mayor estabilidad","El mini frigorífico Upstreman CR85 tiene una capacidad de 85 litros y está pensado para espacios reducidos como oficinas, dormitorios o pequeños apartamentos. Cuenta con un termostato ajustable de 5 niveles, con un rango de temperatura de 0°C a 12°C, que se adapta perfectamente a la conservación de bebidas, snacks, frutas y verduras. Además, incorpora un pequeño compartimento de enfriamiento rápido, ideal para refrescar bebidas en poco tiempo. Su funcionamiento es muy silencioso, con solo 39 dB, y su consumo energético anual es de apenas 84 kWh, lo que lo convierte en una opción eficiente para el uso diario. La iluminación LED integrada garantiza una visibilidad clara en cada apertura de la puerta. Su interior ofrece una disposición de almacenamiento flexible, con 2 amplios compartimentos en la puerta (7 cm + 10,5 cm), 1 balda extraíble y 1 bandeja para verduras, optimizando el espacio para distintos tipos de productos.","{""Pies"":""Regulables"",""Marca"":""Upstreman"",""Puerta"":""Reversible"",""Capacidad"":""85 L"",""Nivel de ruido"":""39 dB"",""Balda extraíble"":""1"",""Tipo de producto"":""Mini frigorífico compacto (sin congelador)"",""Bandeja de verduras"":""1"",""Modelo / referencia"":""CR85"",""Rango de temperatura"":""0°C - 12°C (5 niveles ajustables)"",""Iluminación interior"":""LED integrada"",""Compartimentos en puerta"":""2 (7 cm + 10,5 cm)"",""Consumo energético anual"":""84 kWh""}",https://www.electro-domesticos.com/api/img/1789411716481-337158.jpg,"[""https://www.electro-domesticos.com/api/img/1789411716481-337158.jpg"",""https://www.electro-domesticos.com/api/img/1789411716831-556245.jpg""]",https://www.electro-domesticos.com/produit/upstreman-cr85-mini-frigorifico-85l,in_stock,new
46,VersLife L6 Robot Aspirador y Fregona 2 en 1,verslife-l6-robot-aspirador-y-fregona-2-en-1,aspirateur,77,,5,7,10,VersLife,,L6,"Succión potente de 4000Pa para suciedad y pelos de mascotas | Cepillo en V antienredos, evita que se enrollen pelos y cabellos | 2 en 1: aspira y friega al mismo tiempo con depósito de agua | 5 modos de limpieza: punto fijo, borde, zigzag, aleatorio y automático | Autonomía de 120 minutos con recarga automática a la base | Solo 7 cm de altura, ideal para espacios estrechos bajo muebles | Control por app Smart Life, mando a distancia y compatible con Alexa/Google Assistant | Incluye kit completo: filtros HEPA, cepillos laterales, mopas y accesorios | Servicio postventa de 24 meses y respuesta en 24 horas","Robot aspirador y fregona 2 en 1 con succión de 4000Pa, controlado por app, mando a distancia y Alexa/WiFi. Cuenta con cepillo cilíndrico en forma de V antienredos, batería de litio de 2600mAh con hasta 120 minutos de autonomía y recarga automática. Con solo 7 cm de altura, se desliza bajo muebles y sofás, ideal para pelos de mascotas, alfombras y suelos duros.","{""Altura"":""7 cm"",""Recarga"":""automática a base de carga"",""Batería"":""Litio 2600mAh (11.1V)"",""Autonomía"":""120 minutos"",""Conectividad"":""WiFi, App, Alexa, mando a distancia"",""Modos de limpieza"":""5 (punto fijo, borde, zigzag, aleatorio, automático)"",""Garantía/servicio"":""24 meses de postventa"",""Diseño del cepillo"":""rodillo en V antienredos"",""Contenido de la caja"":""robot, mando, cepillo de limpieza, base de carga, 2 filtros HEPA, manual, depósito de agua, 4 cepillos laterales, 2 mopas, adaptador, soporte de mopa"",""Potencia de succión"":""4000Pa""}",https://www.electro-domesticos.com/api/img/1789414433187-494425.jpg,"[""https://www.electro-domesticos.com/api/img/1789414433187-494425.jpg""]",https://www.electro-domesticos.com/produit/verslife-l6-robot-aspirador-y-fregona-2-en-1,in_stock,new
50,Vexilar W8 Robot Aspirador y Fregona Ultrafino,vexilar-w8-robot-aspirador-y-fregona-ultrafino,aspirateur,89,eco,5,24,10,Vexilar,,W8,"Succión de hasta 5000 Pa para polvo fino, migas y pelos de mascotas | Cuerpo ultrafino de solo 7,8 cm, accede bajo muebles bajos | Sistema 2 en 1: aspira y friega al mismo tiempo | 4 niveles de caudal de agua ajustables según el tipo de suelo | Doble cepillo lateral para limpieza de bordes y esquinas | 4 modos inteligentes de limpieza | Autonomía de hasta 150 minutos | Control por app y por voz","Robot aspirador ultrafino de solo 7,8 cm de altura, ideal para limpiar bajo muebles bajos y espacios estrechos. Aspira y friega simultáneamente gracias a su sistema 2 en 1, con hasta 5000 Pa de succión eficaz en parquet, baldosas y alfombras de pelo corto. Cuenta con doble cepillo lateral para bordes y esquinas, 4 modos inteligentes, control por app y voz, y hasta 150 minutos de autonomía.","{""Función"":""Aspira y friega simultáneamente (2 en 1)"",""Autonomía"":""150 minutos"",""Conectividad"":""App y control por voz"",""Altura del robot"":""7,8 cm"",""Depósito de agua"":""250 ml"",""Modos de limpieza"":""4"",""Cepillos laterales"":""2 (dobles, para bordes)"",""Depósito de polvo"":""300 ml"",""Potencia de succión"":""5000 Pa"",""Niveles de caudal de agua"":""4""}",https://www.electro-domesticos.com/api/img/1789414905485-579145.jpg,"[""https://www.electro-domesticos.com/api/img/1789414905485-579145.jpg""]",https://www.electro-domesticos.com/produit/vexilar-w8-robot-aspirador-y-fregona-ultrafino,in_stock,new
69,Vitamix VX1,vitamix-vx1,petit-cuisine,350,new,4.4,8,10,Vitamix,703113758041,075804,"Motor potente de 2,2 CV | Control de velocidad variable (10 niveles) + función pulse | Cuchillas de acero inoxidable cortadas por láser, resistentes al desgaste | Programa de autolimpieza (agua tibia + jabón) | Vaso clásico de 64 oz, versátil para volúmenes pequeños y grandes | Diseño duradero pensado para uso frecuente a largo plazo | Garantía limitada de varios años","Batidora profesional Vitamix VX1, con vaso clásico de 64 oz (aprox. 1,9 L) en acero inoxidable, motor potente de 2,2 CV y control de velocidad variable con 10 niveles. Diseñada como introducción a la gama Vitamix, ofrece un rendimiento sólido para smoothies, sopas, salsas y más, con un programa de autolimpieza integrado.","{""Color"":""Negro"",""Programas"":""Autolimpieza"",""Peso aprox."":""10,2 lbs (4,6 kg)"",""Velocidades"":""10 + función pulse"",""Capacidad del vaso"":""64 oz (aprox. 1,9 L)"",""Dimensiones aprox."":""9,5\"" L x 7,75\"" A x 19,6\"" Alt (24 x 20 x 50 cm)"",""Potencia del motor"":""2,2 CV (HP)"",""Material de las cuchillas"":""Acero inoxidable""}",https://www.electro-domesticos.com/api/img/1790150864050-88432.jpg,"[""https://www.electro-domesticos.com/api/img/1790150864050-88432.jpg""]",https://www.electro-domesticos.com/produit/vitamix-vx1,in_stock,new
62,YASHE Gaufrier Eléctrico 2 Gofres,yashe-gaufrier-electrico-2-gofres,petit-cuisine,20,eco,5,9,10,YASHE,,,"Cocción simultánea de 2 gofres con 750 W de potencia | Indicador LED que señala el momento de cocinar y cuándo está lista | Pies antideslizantes para mayor estabilidad | Asa segura que protege contra quemaduras | Control inteligente de temperatura para textura personalizada | Superficie de acero inoxidable y doble revestimiento antiadherente | Fácil de limpiar, solo con un paño húmedo","Gofrera eléctrica de 750 W con capacidad para cocinar dos gofres simultáneamente gracias a sus placas antiadherentes. Cuenta con un indicador LED que señala cuándo está lista para cocinar y cuándo ha terminado la cocción, además de un sistema inteligente de control de temperatura que regula el calor automáticamente para lograr un gofre dorado y crujiente por fuera o suave y esponjoso por dentro, según preferencia. Su superficie de acero inoxidable y el revestimiento antiadherente facilitan la limpieza.","{""Asa"":""Aislada térmicamente (cool touch)"",""Color"":""Negro"",""Material"":""Acero inoxidable con revestimiento antiadherente"",""Potencia"":""750 W"",""Capacidad"":""2 gofres simultáneos"",""Indicadores"":""Luz LED de cocción"",""Control de temperatura"":""Automático/inteligente""}",https://www.electro-domesticos.com/api/img/1789416907539-913982.jpg,"[""https://www.electro-domesticos.com/api/img/1789416907539-913982.jpg"",""https://www.electro-domesticos.com/api/img/1789416907902-184933.jpg""]",https://www.electro-domesticos.com/produit/yashe-gaufrier-electrico-2-gofres,in_stock,new
48,dreame L50s Pro Ultra Robot Aspirador y Fregona,dreame-l50s-pro-ultra-robot-aspirador-y-fregona,aspirateur,497,bestseller,5,13,10,Dreame,,L50s Pro Ultra,"Succión de 30.000 Pa para una limpieza profunda | Estación PowerDock 8 en 1 con vaciado automático hasta 100 días | Lavado de mopas en caliente a 100 °C (tecnología ThermoHub) | Brosse DuoBrush HyperStream 100% antienredos | Navegación LiDAR VersaLift retráctil con cartografía 360° | IA 3D Adapt: detecta y evita más de 220 tipos de objetos | Franquea obstáculos de hasta 4 cm | Compatible con Alexa, Google Home, Siri y Matter, además del comando de voz ""OK Dreame"" | Autonomía de hasta 220 minutos","Robot aspirador y fregona de gama alta con 30.000 Pa de potencia de succión y estación PowerDock 8 en 1 con vaciado automático hasta 100 días. Incorpora la brosse DuoBrush HyperStream 100% antienredos, limpieza profunda de esquinas y bordes, y navegación LiDAR VersaLift retráctil con IA 3D Adapt que identifica más de 220 objetos. Su base ThermoHub lava las mopas a 100 °C para una higiene superior, y evita obstáculos de hasta 4 cm de altura.","{""Estación"":""PowerDock 8 en 1"",""Autonomía"":""hasta 220 minutos"",""Navegación"":""LiDAR VersaLift retráctil (altura reducida: 8,95 cm)"",""Control por voz"":""\""OK Dreame\"", compatible Alexa/Google Home/Siri/Matter"",""Brosse principal"":""DuoBrush HyperStream, antienredos"",""IA de detección"":""3D Adapt, +220 objetos identificados"",""Vaciado automático"":""hasta 100 días"",""Potencia de succión"":""30.000 Pa"",""Temperatura de lavado de mopas"":""100 °C (ThermoHub)"",""Altura de obstáculos superados"":""4 cm""}",https://www.electro-domesticos.com/api/img/1789414676866-500125.jpg,"[""https://www.electro-domesticos.com/api/img/1789414676866-500125.jpg""]",https://www.electro-domesticos.com/produit/dreame-l50s-pro-ultra-robot-aspirador-y-fregona,in_stock,new
44,iRobot Roomba 115 Combo Robot aspirador y fregador,irobot-roomba-115-combo-robot-aspirador-y-fregador-1,aspirateur,80,,5,0,10,iRobot,,Roomba 115 Combo,"2 en 1: aspira y friega en un solo recorrido de limpieza | Potencia de aspiración de 15.000 Pa, el doble que la serie Roomba 105 | La mejor relación potencia-precio de toda la gama iRobot analizada | Cubre hasta 84 m² por carga completa | Cepillo lateral extendido y lingette de lavado deportada para rodapiés y esquinas | Navegación ClearView LiDAR para un mapeo rápido y preciso | Regreso automático a la base para recargarse | Control por voz compatible con Alexa, Siri y Google Assistant | Perfil compacto de 78,9 mm de altura, cabe bajo la mayoría de los muebles","El Roomba 115 Combo de iRobot es un robot aspirador y fregador 2 en 1 pensado para quienes buscan una solución de entrada accesible dentro de la gama de robots con función de lavado del fabricante. Con una potencia de aspiración de 15.000 Pa (el doble que la serie Roomba 105), aspira y friega en un solo recorrido, cubriendo hasta 84 m² por carga. Su lingette de lavado deportada y su cepillo lateral extendido le permiten limpiar a fondo a lo largo de rodapiés y esquinas. La navegación con tecnología ClearView LiDAR cartografía rápidamente el hogar desde el primer paso, asegurando una cobertura precisa. Cuando la batería está baja o finaliza la limpieza, el robot regresa automáticamente a su base para recargarse. Es compatible con control por voz a través de Alexa, Siri y Google Assistant, además de la app Roomba Home, y su configuración inicial requiere solo unos minutos con una conexión WiFi de 2,4 GHz. El mantenimiento es sencillo: basta con lavar la lingette cuando sea necesario y sustituir filtros y cepillos cada 3-6 meses.","{""Color"":""Blanco / Negro (según variante)"",""Marca"":""iRobot"",""Control"":""App Roomba Home, comandos de voz, botón físico"",""Navegación"":""LiDAR ClearView"",""Conectividad"":""WiFi 2,4 GHz, compatible con Alexa, Siri y Google Assistant"",""Base incluida"":""Base de carga estándar (sin vaciado automático en esta versión)"",""Mantenimiento"":""Lavado de la lingette + cambio de filtros y cepillos cada 3-6 meses"",""Cepillo lateral"":""Extendido"",""Altura del robot"":""78,9 mm"",""Tipo de producto"":""Robot aspirador y fregador 2 en 1"",""Sistema de fregado"":""Lingette de lavado deportada (lavado manual)"",""Modelo / referencia"":""Roomba 115 Combo"",""Potencia de aspiración"":""15.000 Pa"",""Cobertura máxima por carga"":""84 m²""}",https://www.electro-domesticos.com/api/img/1789412932442-640561.jpg,"[""https://www.electro-domesticos.com/api/img/1789412932442-640561.jpg""]",https://www.electro-domesticos.com/produit/irobot-roomba-115-combo-robot-aspirador-y-fregador-1,in_stock,new
42,iRobot Roomba 115 Combo+ Robot aspirador y fregador,irobot-roomba-115-combo-robot-aspirador-y-fregador,aspirateur,100,new,5,8,10,iRobot,,Roomba 115 Combo+,"2 en 1: aspira y friega en un solo recorrido de limpieza | Potencia de succión de 15 kPa, el doble que la serie Roomba 105 | Cubre hasta 84 m² por carga completa | Cepillo lateral extendido para limpiar rodapiés y esquinas | Paño de fregado extraíble para un lavado más profundo | Navegación LiDAR ClearView para un mapeo rápido y preciso del hogar | Base AutoEmpty con bolsa AllergenLock de 2,5 L, hasta 3 meses sin vaciar | Diseño compacto en color blanco, fácil de integrar en cualquier hogar","El Roomba 115 Combo+ de iRobot es un robot aspirador y fregador 2 en 1 que combina una potencia de succión de 15 kPa (el doble que la serie Roomba 105) con una función de fregado en el mismo recorrido, cubriendo hasta 84 m² por carga. Su cepillo lateral extendido y su paño de fregado extraíble le permiten llegar hasta los rodapiés y las esquinas, dejando los suelos impecables incluso en zonas de difícil acceso. Gracias a la tecnología ClearView LiDAR, el robot mapea rápidamente el hogar para una navegación precisa y eficiente. Tras cada limpieza, la Base AutoEmpty recoge automáticamente la suciedad en una bolsa AllergenLock de 2,5 litros, permitiendo hasta 3 meses de autonomía sin necesidad de vaciar el depósito manualmente. Su acabado en blanco y su diseño compacto lo convierten en una solución práctica para mantener el hogar limpio con el mínimo esfuerzo.","{""Color"":""Blanco"",""Marca"":""iRobot"",""Navegación"":""LiDAR ClearView"",""Cepillo lateral"":""Extendido, para esquinas y rodapiés"",""Tipo de producto"":""Robot aspirador y fregador 2 en 1"",""Función de fregado"":""Paño de fregado extraíble (remote washing wipe)"",""Modelo / referencia"":""Roomba 115 Combo+"",""Capacidad de la bolsa"":""2,5 L (AllergenLock)"",""Potencia de aspiración"":""15 kPa"",""Base de vaciado automático"":""Sí (AutoEmpty)"",""Cobertura máxima por carga"":""84 m²"",""Autonomía de la base sin vaciar"":""Hasta 3 meses""}",https://www.electro-domesticos.com/api/img/1789412710012-500996.jpg,"[""https://www.electro-domesticos.com/api/img/1789412710012-500996.jpg""]",https://www.electro-domesticos.com/produit/irobot-roomba-115-combo-robot-aspirador-y-fregador,in_stock,new
7,oneConcept All-You-Can-Eat Horno doble eléctrico con grill,oneconcept-all-you-can-eat-horno-doble-electrico-con-grill,four-plaque,150,,5,13,10,oneConcept,4260365799100,All-You-Can-Eat (GQ3-ALL-YOU-CAN-EAT),"Dos espacios de cocción independientes (28 L + 14 L) para preparar varios platos a la vez | Asador giratorio incluido para cocinar pollo de forma uniforme | Placa de grill en la parte superior, convertible en barbacoa | Potencia de 2400 W para una cocción rápida y eficaz | Temperatura regulable de 60 °C a 240 °C en el compartimento inferior | Temporizador independiente en cada compartimento con aviso sonoro | Bandeja recogemigas en ambos espacios de cocción | Amplia ventana frontal para vigilar la cocción sin abrir la puerta | Acabado en acero inoxidable, resistente y fácil de limpiar | Incluye rejillas, bandejas y accesorios para asar","El horno doble oneConcept All-You-Can-Eat es un electrodoméstico versátil con dos espacios de cocción independientes (28 L y 14 L, 42 L en total), ideal para preparar menús completos al mismo tiempo. Incluye un asador giratorio para cocinar pollo de forma uniforme y una placa de grill en la parte superior para asar carnes y verduras. Cada compartimento cuenta con su propio temporizador y bandeja recogemigas, mientras que la temperatura del compartimento inferior se regula mediante un termostato ajustable entre 60 °C y 240 °C. Su gran ventana frontal permite vigilar la cocción en todo momento, y su acabado en acero inoxidable le da un aspecto resistente y moderno. Es una solución práctica tanto para el uso doméstico diario como para reuniones familiares o eventos al aire libre.","{""Peso"":""7 kg"",""Color"":""Plateado / Inox"",""Marca"":""oneConcept"",""Material"":""Acero inoxidable"",""Potencia"":""2400 W (2350 W según algunas fuentes)"",""Temporizador"":""Sí, independiente por compartimento"",""Placa de grill"":""Sí, en la parte superior"",""Capacidad total"":""42 L (28 L + 14 L)"",""Asador giratorio"":""Sí"",""Tipo de producto"":""Horno eléctrico doble con grill"",""Bandeja recogemigas"":""Sí, en ambos compartimentos"",""Modelo / referencia"":""All-You-Can-Eat"",""Accesorios incluidos"":""Rejillas, bandejas, broche y pinzas"",""Rango de temperatura"":""60 °C - 240 °C"",""Ventana de observación"":""Amplia, en la puerta""}",https://www.electro-domesticos.com/api/img/1789372699845-540810.jpg,"[""https://www.electro-domesticos.com/api/img/1789372699845-540810.jpg"",""https://www.electro-domesticos.com/api/img/1789372700075-67049.jpg""]",https://www.electro-domesticos.com/produit/oneconcept-all-you-can-eat-horno-doble-electrico-con-grill,in_stock,new
